Group,Family,Subfamily,Gene Names (human),PubMed IDs,Notes,Committee member interest,Is EC class uncertain?,Current EC class?,Status,Current EC class name
CAMK,CAMKL,BRSK,"BRSK1,BRSK2",18339622,,Kannan,,,,
,,,,14976552,,,,,,
,,,,15150265,,,,,,
,,,,15489334,,,,,,
,,,,17974005,,,,,,
,,,,17344846,,,,,,
,,,,15057824,,,,,,
,,,,19958286,,,,,,
,,,,19648910,,,,,,
,,,,23186163,,,,,,
,,,,20026642,,,,,,
,,,,16630837,,,,,,
,,,,21985311,,,,,,
,,,,11347906,,,,,,
,,,,22669945,,,,,,
,,,,11124703,,,,,,
,,,,22798068,,,,,,
,,,,21985311,,,,,,
,,,,22609399,,,,,,
,,,,19690332,,,,,,
,,,,18339622,,,,,,
,,,,16870137,,,,,,
,,,,19413330,,,,,,
,,,,15489334,,,,,,
,,,,20026642,,,,,,
,,,,14702039,,,,,,
,,,,23029325,,,,,,
,,,,19369195,,,,,,
,,,,16554811,,,,,,
,,,,22713462,,,,,,
,,,,14976552,,,,,,
,,,,19958286,,,,,,
,,,,9929968,,,,,,
,,,,16630837,,,,,,
CAMK,DCAMKL,,"DCLK1,DCLK2,DCLK3",14702039,,Kannan,,,,
,,,,21406692,,,,,,
,,,,9205841,,,,,,
,,,,17344846,,,,,,
,,,,10051403,,,,,,
,,,,10036192,,,,,,
,,,,15057823,,,,,,
,,,,9747029,,,,,,
,,,,16548883,,,,,,
,,,,15489334,,,,,,
,,,,25512093,,,,,,
,,,,17344846,,,,,,
,,,,17974005,,,,,,
,,,,23186163,,,,,,
,,,,18075264,,,,,,
,,,,20236041,,,,,,
,,,,15815621,,,,,,
,,,,16869982,,,,,,
,,,,14702039,,,,,,
,,,,17344846,,,,,,
,,,,11214970,,,,,,
PKL,FN3K,,"FN3K, FN3KRP",,,Kannan,,,,
PKL,GASK,FAM20AC,"FAM20A,FAM20C",17974005,,Kannan,,,,
,,,,24756937,,,,,,
,,,,12975309,,,,,,
,,,,25789606,,,,,,
,,,,16625196,,,,,,
,,,,14702039,,,,,,
,,,,25827751,,,,,,
,,,,23468644,,,,,,
,,,,24259279,,,,,,
,,,,24275569,,,,,,
,,,,23434854,,,,,,
,,,,21990045,,,,,,
,,,,21549343,,,,,,
,,,,24196488,,,,,,
,,,,15489334,,,,,,
,,,,25636655,,,,,,
,,,,23697977,,,,,,
,,,,15676076,,,,,,
,,,,22582013,,,,,,
,,,,15676076,,,,,,
,,,,26091039,,,,,,
,,,,34349020,,,,,,
,,,,25789606,,,,,,
,,,,15489334,,,,,,
,,,,23754375,,,,,,
,,,,29858230,,,,,,
,,,,12853948,,,,,,
,,,,19159218,,,,,,
,,,,17924334,,,,,,
,,,,17974005,,,,,,
,,,,12690205,,,,,,
,,,,32149426,,,,,,
PKL,GASK,FAM20B,FAM20B,18400750,,Kannan,,,,
,,,,9455484,,,,,,
,,,,19473117,,,,,,
,,,,16710414,,,,,,
,,,,15676076,,,,,,
,,,,24425863,,,,,,
,,,,14702039,,,,,,
,,,,15489334,,,,,,
CAMK,CASK,,CASK,9546224,Possible pseudokinase,,,,,
,,,,19165920,,,,,,
,,,,24275569,,,,,,
,,,,19377476,,,,,,
,,,,23186163,,,,,,
,,,,11003712,,,,,,
,,,,19012874,,,,,,
,,,,23662938,,,,,,
,,,,15489334,,,,,,
,,,,19200522,,,,,,
,,,,15772651,,,,,,
,,,,9660868,,,,,,
,,,,18423203,,,,,,
,,,,17344846,,,,,,
CAMK,SgK495,,SgK495,,Predicted pseudokinase,,,,,
NDK,NDK,NDKB,NME5,9742940,Predicted pseudokinase,,,,,
,,,,32950024,,,,,,
,,,,15489334,,,,,,
,,,,14702039,,,,,,
,,,,32185794,,,,,,
NDK,NDK,NDKD,NME7,,Predicted pseudokinase,,,,,
NDK,RP2,,XRP2,,Predicted pseudokinase,,,,,
Other,NKF5,,SgK307,,Predicted pseudokinase,,,,,
Other,Other-Unique (3),,SgK396,,Predicted pseudokinase,,,,,
Other,PAN3,,PAN3,18669648,Predicted pseudokinase,,,,,
,,,,23186163,,,,,,
,,,,18625844,,,,,,
,,,,17595167,,,,,,
,,,,21981923,,,,,,
,,,,15057823,,,,,,
,,,,14583602,,,,,,
,,,,23932717,,,,,,
,,,,18056425,,,,,,
,,,,15489334,,,,,,
,,,,14702039,,,,,,
,,,,17974005,,,,,,
,,,,28559491,,,,,,
Other,Slob,,Slob,,Predicted pseudokinase,,,,,
Other,TBCK,,TBCK,24576458,Predicted pseudokinase,,,,,
,,,,23977024,,,,,,
,,,,15815621,,,,,,
,,,,19413330,,,,,,
,,,,27040692,,,,,,
,,,,19077034,,,,,,
,,,,17344846,,,,,,
,,,,14702039,,,,,,
,,,,15489334,,,,,,
,,,,25558065,,,,,,
,,,,12471243,,,,,,
,,,,27040691,,,,,,
PKL,RESK,DIA1,"DIA1, DIA1R",,Predicted pseudokinase,,,,,
RGC,RGC,ANP,"ANPa,ANPb",,Predicted pseudokinase,,,,,
RGC,RGC,CYG,"CYGD, CYGF",21078983,Predicted pseudokinase,,,,,
,,,,29559409,,,,,,
,,,,12552567,,,,,,
,,,,22695961,,,,,,
,,,,7912093,,,,,,
,,,,17344846,,,,,,
,,,,21552474,,,,,,
,,,,9391039,,,,,,
,,,,9683616,,,,,,
,,,,25515582,,,,,,
,,,,9888789,,,,,,
,,,,1356371,,,,,,
,,,,20517349,,,,,,
,,,,21928830,,,,,,
,,,,16123401,,,,,,
,,,,12365911,,,,,,
,,,,18487367,,,,,,
,,,,9618177,,,,,,
,,,,7806240,,,,,,
,,,,11035546,,,,,,
,,,,26100624,,,,,,
,,,,27475985,,,,,,
,,,,15123990,,,,,,
,,,,24480840,,,,,,
,,,,18332321,,,,,,
,,,,8944027,,,,,,
,,,,30319355,,,,,,
,,,,22194653,,,,,,
,,,,9600905,,,,,,
,,,,23734073,,,,,,
,,,,17724218,,,,,,
,,,,21602930,,,,,,
,,,,15111605,,,,,,
,,,,7777544,,,,,,
,,,,16959974,,,,,,
,,,,29515371,,,,,,
,,,,15772651,,,,,,
,,,,17344846,,,,,,
,,,,23033978,,,,,,
RGC,RGC,HSER,HSER,11123935,Predicted pseudokinase,,,,,
,,,,22521417,,,,,,
,,,,8381596,,,,,,
,,,,11950846,,,,,,
,,,,17344846,,,,,,
,,,,1680854,,,,,,
,,,,16541075,,,,,,
,,,,1718270,,,,,,
,,,,23269669,,,,,,
,,,,22436048,,,,,,
,,,,15489334,,,,,,
,,,,8605253,,,,,,
STE,STE20,FRAY,"OSR1, STLK3",15489334,Predicted pseudokinase - both are true active kinases,,,,,
,,,,24275569,,,,,,
,,,,17190791,,,,,,
,,,,17525332,,,,,,
,,,,16389068,,,,,,
,,,,29581290,,,,,,
,,,,18669648,,,,,,
,,,,34289367,,,,,,
,,,,16832045,,,,,,
,,,,16669787,,,,,,
,,,,22989884,,,,,,
,,,,19690332,,,,,,
,,,,23386621,,,,,,
,,,,18318008,,,,,,
,,,,23186163,,,,,,
,,,,22052202,,,,,,
,,,,14707132,,,,,,
,,,,25362046,,,,,,
,,,,19413330,,,,,,
,,,,22223895,,,,,,
,,,,22361696,,,,,,
,,,,10470851,,,,,,
,,,,18270262,,,,,,
,,,,21269460,,,,,,
,,,,20068231,,,,,,
,,,,19665974,,,,,,
,,,,21406692,,,,,,
,,,,17081983,,,,,,
,,,,17721439,,,,,,
,,,,28688764,,,,,,
,,,,17344846,,,,,,
,,,,10083736,,,,,,
,,,,21321328,,,,,,
,,,,15815621,,,,,,
,,,,19690332,,,,,,
,,,,23186163,,,,,,
,,,,12740379,,,,,,
,,,,20385770,,,,,,
,,,,10980603,,,,,,
,,,,24722188,,,,,,
,,,,16832045,,,,,,
,,,,17487921,,,,,,
,,,,14988727,,,,,,
,,,,21406692,,,,,,
,,,,19608861,,,,,,
,,,,21321328,,,,,,
,,,,17190791,,,,,,
,,,,34289367,,,,,,
,,,,18088087,,,,,,
,,,,16669787,,,,,,
,,,,18270262,,,,,,
,,,,20068231,,,,,,
,,,,19413330,,,,,,
,,,,19665974,,,,,,
,,,,21269460,,,,,,
CAMK,CAMK-Unique,,VACAMKL,14702039,Predicted pseudokinase - James,,,,,
,,,,17974005,,,,,,
,,,,17344846,,,,,,
,,,,11230166,,,,,,
,,,,15489334,,,,,,
,,,,16641997,,,,,,
Other,SgK071,,SGK071,14702039,Predicted pseudokinase - James,,,,,
,,,,15164053,,,,,,
,,,,12471243,,,,,,
,,,,15489334,,,,,,
,,,,17344846,,,,,,
TKL,MLKL,,MLKL,18669648,Predicted pseudokinase - James,,,,,
,,,,22265413,,,,,,
,,,,12471243,,,,,,
,,,,18691976,,,,,,
,,,,17344846,,,,,,
,,,,29883610,,,,,,
,,,,22265414,,,,,,
,,,,20068231,,,,,,
,,,,24316671,,,,,,
,,,,24095729,,,,,,
,,,,24219132,,,,,,
,,,,22421439,,,,,,
,,,,15616553,,,,,,
,,,,15489334,,,,,,
,,,,14702039,,,,,,
,,,,21269460,,,,,,
,,,,29883609,,,,,,
,,,,19690332,,,,,,
CAMK,MLCK,TTN,Titin,,Predicted pseudokinase (uncertain),,,,,
TK,CCK4,,CCK,,Predicted pseudokinase / Markus,,,2.7.10.1,,receptor protein-tyrosine kinase
TK,TK-Unique,,STYK1,,Predicted pseudokinase/Amy,,?,2.7.10.1,,receptor protein-tyrosine kinase
TK,Ryk,,RYK,16116452,Predicted pseudokinase/Markus,,,2.7.10.1,,receptor protein-tyrosine kinase
,,,,8726462,,,,,,
,,,,10454588,,,,,,
,,,,15454084,,,,,,
,,,,8386829,,,,,,
,,,,17344846,,,,,,
,,,,8390040,,,,,,
,,,,16641997,,,,,,
TKL,RAF,KSR,"KSR1,KSR2",18669648,Predicted pseudokinase/Markus,,,,,
,,,,29433126,,,,,,
,,,,18220336,,,,,,
,,,,21406692,,,,,,
,,,,19690332,,,,,,
,,,,8521512,,,,,,
,,,,23186163,,,,,,
,,,,17344846,,,,,,
,,,,19369195,,,,,,
,,,,12941695,,,,,,
,,,,21102438,,,,,,
,,,,18088087,,,,,,
,,,,21269460,,,,,,
,,,,16625196,,,,,,
,,,,10409742,,,,,,
,,,,15489334,,,,,,
,,,,12007434,,,,,,
,,,,17081983,,,,,,
,,,,20679487,,,,,,
,,,,15489334,,,,,,
,,,,14702039,,,,,,
,,,,29433126,,,,,,
,,,,12975377,,,,,,
,,,,21441910,,,,,,
,,,,16039990,,,,,,
,,,,16541075,,,,,,
,,,,17344846,,,,,,
Other,NRBP,,"NRBP1,NRBP2",14702039,Predicted pseudokinases,,,,,
,,,,16964243,,,,,,
,,,,17081983,,,,,,
,,,,19413330,,,,,,
,,,,21269460,,,,,,
,,,,17344846,,,,,,
,,,,15084397,,,,,,
,,,,15489334,,,,,,
,,,,23186163,,,,,,
,,,,11230166,,,,,,
,,,,19690332,,,,,,
,,,,22510880,,,,,,
,,,,18088087,,,,,,
,,,,11956649,,,,,,
,,,,20068231,,,,,,
,,,,22223895,,,,,,
,,,,21406692,,,,,,
,,,,15815621,,,,,,
,,,,10843813,,,,,,
,,,,18669648,,,,,,
,,,,15489334,,,,,,
,,,,17974005,,,,,,
,,,,16421571,,,,,,
,,,,15498874,,,,,,
,,,,23186163,,,,,,
,,,,14702039,,,,,,
CK1,TTBK,,"TTBK1,TTBK2",16923168,Uncertain if this EC class refers to GSK3 or TTBK1/2,,?,2.7.11.26,,tau-protein kinase
,,,,17344846,,,,,,
,,,,14702039,,,,,,
,,,,15489334,,,,,,
,,,,14574404,,,,,,
,,,,11347906,,,,,,
,,,,21406692,,,,,,
,,,,17344846,,,,,,
,,,,18037885,,,,,,
,,,,23141541,,,,,,
,,,,15489334,,,,,,
,,,,26063658,,,,,,
,,,,14702039,,,,,,
,,,,30375385,,,,,,
,,,,22863007,,,,,,
,,,,21548880,,,,,,
,,,,16572171,,,,,,
,,,,10048485,,,,,,
,,,,19533200,,,,,,
,,,,23186163,,,,,,
CMGC,GSK,,"GSK3A,GSK3B",25897075,Uncertain if this EC class refers to GSK3 or TTBK1/2 or CDK5,,?,2.7.11.26,,tau-protein kinase
,,,,24275569,,,,,,
,,,,15489334,,,,,,
,,,,18846110,,,,,,
,,,,25187516,,,,,,
,,,,18669648,,,,,,
,,,,30704899,,,,,,
,,,,19413330,,,,,,
,,,,19366350,,,,,,
,,,,22539723,,,,,,
,,,,23186163,,,,,,
,,,,17478001,,,,,,
,,,,15057824,,,,,,
,,,,21269460,,,,,,
,,,,10868943,,,,,,
,,,,12761548,,,,,,
,,,,17344846,,,,,,
,,,,17229088,,,,,,
,,,,19369195,,,,,,
,,,,18691976,,,,,,
,,,,11749387,,,,,,
,,,,19706605,,,,,,
,,,,31073040,,,,,,
,,,,19690332,,,,,,
,,,,9819408,,,,,,
,,,,15647282,,,,,,
,,,,8250835,,,,,,
,,,,18669648,,,,,,
,,,,28992046,,,,,,
,,,,27484798,,,,,,
,,,,11440715,,,,,,
,,,,9736715,,,,,,
,,,,19366350,,,,,,
,,,,19946213,,,,,,
,,,,21029237,,,,,,
,,,,16484495,,,,,,
,,,,11738041,,,,,,
,,,,22514281,,,,,,
,,,,1846781,,,,,,
,,,,18846110,,,,,,
,,,,22539723,,,,,,
,,,,15489334,,,,,,
,,,,17478001,,,,,,
,,,,28903391,,,,,,
,,,,10868943,,,,,,
,,,,19706605,,,,,,
,,,,10523816,,,,,,
,,,,28829046,,,,,,
,,,,11430833,,,,,,
,,,,25169422,,,,,,
,,,,9731200,,,,,,
,,,,23332125,,,,,,
,,,,25920809,,,,,,
,,,,19369195,,,,,,
,,,,16981698,,,,,,
,,,,20932480,,,,,,
,,,,18348280,,,,,,
,,,,11004522,,,,,,
,,,,20937854,,,,,,
,,,,8524413,,,,,,
,,,,30704899,,,,,,
,,,,14690523,,,,,,
,,,,11749387,,,,,,
,,,,20007971,,,,,,
,,,,12054501,,,,,,
,,,,18691976,,,,,,
,,,,24391509,,,,,,
,,,,24275569,,,,,,
,,,,17050006,,,,,,
,,,,16428445,,,,,,
,,,,20080667,,,,,,
,,,,10486203,,,,,,
,,,,15752768,,,,,,
,,,,19493954,,,,,,
,,,,8397507,,,,,,
,,,,31073040,,,,,,
,,,,19690332,,,,,,
,,,,7980435,,,,,,
,,,,17318175,,,,,,
,,,,25897075,,,,,,
,,,,20068231,,,,,,
,,,,23186163,,,,,,
,,,,9072970,,,,,,
,,,,20067585,,,,,,
,,,,12554650,,,,,,
,,,,15448698,,,,,,
,,,,21269460,,,,,,
AGC,NDR,LATS,"LATS1,LATS2",18669648,,,,,,
,,,,19739119,,,,,,
,,,,15220930,,,,,,
,,,,19927127,,,,,,
,,,,15144186,,,,,,
,,,,15489334,,,,,,
,,,,18158288,,,,,,
,,,,9988268,,,,,,
,,,,24275569,,,,,,
,,,,19690332,,,,,,
,,,,28169360,,,,,,
,,,,10831611,,,,,,
,,,,28068668,,,,,,
,,,,17525332,,,,,,
,,,,15688006,,,,,,
,,,,20303269,,,,,,
,,,,17344846,,,,,,
,,,,15122335,,,,,,
,,,,28087714,,,,,,
,,,,10518011,,,,,,
,,,,18691976,,,,,,
,,,,19369195,,,,,,
,,,,19413330,,,,,,
,,,,23186163,,,,,,
,,,,21952048,,,,,,
,,,,15147269,,,,,,
,,,,23186163,,,,,,
,,,,24275569,,,,,,
,,,,18669648,,,,,,
,,,,15057823,,,,,,
,,,,18158288,,,,,,
,,,,19739119,,,,,,
,,,,16413547,,,,,,
,,,,32845958,,,,,,
,,,,17344846,,,,,,
,,,,14702039,,,,,,
,,,,15131260,,,,,,
,,,,15688006,,,,,,
,,,,10673337,,,,,,
,,,,20303269,,,,,,
,,,,10871863,,,,,,
,,,,12853976,,,,,,
AGC,NDR,NDR,"NDR1,NDR2",16884686,,,,,,
,,,,14661952,,,,,,
,,,,20068231,,,,,,
,,,,23186163,,,,,,
,,,,15197186,,,,,,
,,,,17344846,,,,,,
,,,,19690332,,,,,,
,,,,15067004,,,,,,
,,,,24336203,,,,,,
,,,,19377461,,,,,,
,,,,21269460,,,,,,
,,,,15489334,,,,,,
,,,,12493777,,,,,,
,,,,18362890,,,,,,
,,,,7761441,,,,,,
,,,,14574404,,,,,,
,,,,18669648,,,,,,
,,,,17906693,,,,,,
,,,,15489334,,,,,,
,,,,16541075,,,,,,
,,,,20068231,,,,,,
,,,,14702039,,,,,,
,,,,12168954,,,,,,
,,,,10231032,,,,,,
,,,,15067004,,,,,,
,,,,15037617,,,,,,
,,,,21269460,,,,,,
,,,,16314523,,,,,,
,,,,23186163,,,,,,
,,,,17344846,,,,,,
AGC,PDK1,,PDK1,12167717,,,,,,
,,,,14585963,,,,,,
,,,,10480933,,,,,,
,,,,12177059,,,,,,
,,,,9768361,,,,,,
,,,,22544756,,,,,,
,,,,22347420,,,,,,
,,,,18616680,,,,,,
,,,,10226025,,,,,,
,,,,18802401,,,,,,
,,,,16314505,,,,,,
,,,,15772071,,,,,,
,,,,10455013,,,,,,
,,,,9368760,,,,,,
,,,,19690332,,,,,,
,,,,19591923,,,,,,
,,,,10364160,,,,,,
,,,,15616553,,,,,,
,,,,18835241,,,,,,
,,,,10995762,,,,,,
,,,,15741170,,,,,,
,,,,14604990,,,,,,
,,,,22999883,,,,,,
,,,,9637919,,,,,,
,,,,15210700,,,,,,
,,,,16207722,,,,,,
,,,,9707564,,,,,,
,,,,15209375,,,,,,
,,,,11481331,,,,,,
,,,,15489334,,,,,,
,,,,9094314,,,,,,
,,,,24275569,,,,,,
,,,,9445477,,,,,,
,,,,16780920,,,,,,
,,,,16251192,,,,,,
,,,,17371830,,,,,,
,,,,17327236,,,,,,
,,,,9445476,,,,,,
,,,,12169624,,,,,,
,,,,18024423,,,,,,
,,,,20978239,,,,,,
,,,,19276999,,,,,,
,,,,15743829,,,,,,
AGC,PKA,PKX,"PRKX, PRKY",15489334,,,?,2.7.11.11,Create new entry or merge with PKA subfamily?,cAMP-dependent protein kinase
,,,,19367327,,,,,,
,,,,21684272,,,,,,
,,,,15879576,,,,,,
,,,,10026146,,,,,,
,,,,16491121,,,,,,
,,,,22814378,,,,,,
,,,,7633447,,,,,,
,,,,9860982,,,,,,
,,,,12082174,,,,,,
,,,,9302280,,,,,,
,,,,20819953,,,,,,
,,,,17980165,,,,,,
,,,,16236808,,,,,,
,,,,9154127,,,,,,
,,,,12815422,,,,,,
,,,,15489334,,,,,,
,,,,9302280,,,,,,
AGC,PKG,,"PKG1,PKG2",24239458,,,,2.7.11.12,,cGMP-dependent protein kinase
,,,,12082086,,,,,,
,,,,25271401,,,,,,
,,,,11723116,,,,,,
,,,,17974005,,,,,,
,,,,21269460,,,,,,
,,,,8613202,,,,,,
,,,,14608379,,,,,,
,,,,21526164,,,,,,
,,,,11162591,,,,,,
,,,,17344846,,,,,,
,,,,18782776,,,,,,
,,,,16990611,,,,,,
,,,,20826808,,,,,,
,,,,17904578,,,,,,
,,,,14702039,,,,,,
,,,,19369195,,,,,,
,,,,2792381,,,,,,
,,,,21402151,,,,,,
,,,,16131665,,,,,,
,,,,15164054,,,,,,
,,,,8182057,,,,,,
,,,,15194681,,,,,,
,,,,15489334,,,,,,
,,,,9192852,,,,,,
,,,,20716671,,,,,,
,,,,22223895,,,,,,
,,,,23910461,,,,,,
,,,,10567269,,,,,,
,,,,15815621,,,,,,
,,,,9535793,,,,,,
,,,,33106379,,,,,,
,,,,34782440,,,,,,
,,,,17344846,,,,,,
,,,,8636133,,,,,,
,,,,7498513,,,,,,
,,,,14702039,,,,,,
,,,,8607838,,,,,,
,,,,24275569,,,,,,
,,,,26769964,,,,,,
AGC,RSK,MSK,"MSK1,MSK2",11909979,,,,,,
,,,,15010469,,,,,,
,,,,12628924,,,,,,
,,,,19464896,,,,,,
,,,,19690332,,,,,,
,,,,12773393,,,,,,
,,,,15568999,,,,,,
,,,,12508121,,,,,,
,,,,18508628,,,,,,
,,,,25851810,,,,,,
,,,,20068231,,,,,,
,,,,14702039,,,,,,
,,,,9873047,,,,,,
,,,,18511904,,,,,,
,,,,17344846,,,,,,
,,,,15489334,,,,,,
,,,,9687510,,,,,,
,,,,12763138,,,,,,
,,,,15274926,,,,,,
,,,,12569367,,,,,,
,,,,21269460,,,,,,
,,,,17117922,,,,,,
,,,,20596523,,,,,,
,,,,20382163,,,,,,
,,,,10702687,,,,,,
,,,,12773393,,,,,,
,,,,18508628,,,,,,
,,,,11035004,,,,,,
,,,,18691976,,,,,,
,,,,19369195,,,,,,
,,,,22814378,,,,,,
,,,,18669648,,,,,,
,,,,19464896,,,,,,
,,,,20068231,,,,,,
,,,,23186163,,,,,,
,,,,17344846,,,,,,
,,,,9687510,,,,,,
,,,,24275569,,,,,,
,,,,14702039,,,,,,
,,,,9792677,,,,,,
AGC,RSK,RSKp90,"RSK1,RSK2,RSK3,RSK4",23186163,,,,,,
,,,,17965187,,,,,,
,,,,26158630,,,,,,
,,,,18722121,,,,,,
,,,,24275569,,,,,,
,,,,16213824,,,,,,
,,,,16964243,,,,,,
,,,,9687510,,,,,,
,,,,16223362,,,,,,
,,,,12832467,,,,,,
,,,,15489334,,,,,,
,,,,14702039,,,,,,
,,,,16710414,,,,,,
,,,,17360704,,,,,,
,,,,17344846,,,,,,
,,,,20068231,,,,,,
,,,,15342917,,,,,,
,,,,18669648,,,,,,
,,,,15117958,,,,,,
,,,,35772404,,,,,,
,,,,10679322,,,,,,
,,,,30842327,,,,,,
,,,,18813292,,,,,,
,,,,8141249,,,,,,
,,,,19369195,,,,,,
,,,,11684016,,,,,,
,,,,21406692,,,,,,
,,,,18508509,,,,,,
,,,,16763566,,,,,,
,,,,21269460,,,,,,
,,,,12213813,,,,,,
,,,,9430688,,,,,,
,,,,18691976,,,,,,
,,,,14986828,,,,,,
,,,,20068231,,,,,,
,,,,10319851,,,,,,
,,,,8141249,,,,,,
,,,,23186163,,,,,,
,,,,8955270,,,,,,
,,,,14702039,,,,,,
,,,,17100996,,,,,,
,,,,10528858,,,,,,
,,,,16223362,,,,,,
,,,,9770464,,,,,,
,,,,7813820,,,,,,
,,,,17213202,,,,,,
,,,,10094187,,,,,,
,,,,18813292,,,,,,
,,,,18669648,,,,,,
,,,,9837815,,,,,,
,,,,18722121,,,,,,
,,,,16959974,,,,,,
,,,,18508509,,,,,,
,,,,21269460,,,,,,
,,,,17344846,,,,,,
,,,,19369195,,,,,,
,,,,15489334,,,,,,
,,,,17360704,,,,,,
,,,,26158630,,,,,,
,,,,15214012,,,,,,
,,,,18691976,,,,,,
,,,,16964243,,,,,,
,,,,8250835,,,,,,
,,,,16213824,,,,,,
,,,,19690332,,,,,,
,,,,15772651,,,,,,
,,,,24275569,,,,,,
,,,,10436156,,,,,,
,,,,12777533,,,,,,
,,,,21406692,,,,,,
,,,,15489334,,,,,,
,,,,16878154,,,,,,
,,,,14574404,,,,,,
,,,,8141249,,,,,,
,,,,18813292,,,,,,
,,,,7623830,,,,,,
,,,,19369195,,,,,,
,,,,14702039,,,,,,
,,,,17344846,,,,,,
,,,,10480933,,,,,,
,,,,18691976,,,,,,
,,,,21406692,,,,,,
,,,,18813292,,,,,,
,,,,15632195,,,,,,
,,,,10644430,,,,,,
,,,,15042092,,,,,,
,,,,14702039,,,,,,
,,,,15772651,,,,,,
,,,,15489334,,,,,,
,,,,17344846,,,,,,
AGC,RSKR,,SgK494,,,,,,,
AGC,YANK,,"YANK1,YANK2,YANK3",25043870,,,,,,
,,,,15489334,,,,,,
,,,,15372022,,,,,,
,,,,17344846,,,,,,
,,,,12471243,,,,,,
,,,,14702039,,,,,,
,,,,10700184,,,,,,
,,,,12975309,,,,,,
,,,,15489334,,,,,,
,,,,12471243,,,,,,
,,,,17344846,,,,,,
,,,,18669648,,,,,,
,,,,15164054,,,,,,
,,,,28940097,,,,,,
,,,,29288388,,,,,,
,,,,23186163,,,,,,
,,,,12471243,,,,,,
,,,,15489334,,,,,,
,,,,17344846,,,,,,
,,,,16959974,,,,,,
CAMK,CAMKL,HUNK,HUNK,17344846,,,,,,
CAMK,CAMKL,MELK,MELK,17960622,,,,,,
,,,,19369195,,,,,,
,,,,12400006,,,,,,
,,,,11802789,,,,,,
,,,,21145462,,,,,,
,,,,21806965,,,,,,
,,,,8724849,,,,,,
,,,,16159311,,,,,,
,,,,20861186,,,,,,
,,,,15908796,,,,,,
,,,,15164053,,,,,,
,,,,16266996,,,,,,
,,,,19671159,,,,,,
,,,,14702039,,,,,,
,,,,15489334,,,,,,
,,,,23186163,,,,,,
,,,,18669648,,,,,,
,,,,16628004,,,,,,
,,,,18691976,,,,,,
,,,,19690332,,,,,,
,,,,17081983,,,,,,
,,,,14976552,,,,,,
,,,,20420823,,,,,,
,,,,14699119,,,,,,
,,,,17722061,,,,,,
,,,,16216881,,,,,,
,,,,21558073,,,,,,
,,,,17280616,,,,,,
,,,,17344846,,,,,,
CAMK,CAMKL,NIM1,NIM1,15372022,,,,,,
,,,,15489334,,,,,,
,,,,15733851,,,,,,
,,,,17344846,,,,,,
,,,,14702039,,,,,,
CAMK,CAMKL,NuaK,"NuaK1,NuaK2",,,,,,,
CAMK,CAMKL,PASK,PASK,17344846,,,,,,
,,,,17052199,,,,,,
,,,,21181396,,,,,,
,,,,20943661,,,,,,
,,,,9110174,,,,,,
,,,,12168954,,,,,,
,,,,18669648,,,,,,
,,,,16275910,,,,,,
,,,,19690332,,,,,,
,,,,8590280,,,,,,
,,,,15489334,,,,,,
,,,,11459942,,,,,,
,,,,22814378,,,,,,
,,,,21418524,,,,,,
,,,,17974005,,,,,,
,,,,23186163,,,,,,
,,,,12377121,,,,,,
,,,,15815621,,,,,,
,,,,19189049,,,,,,
,,,,17595531,,,,,,
CAMK,CAMKL,SNRK,SNRK,15733851,,,,,,
,,,,19413330,,,,,,
,,,,7788527,,,,,,
,,,,19690332,,,,,,
,,,,23186163,,,,,,
,,,,12234663,,,,,,
,,,,15489334,,,,,,
,,,,17974005,,,,,,
,,,,12168954,,,,,,
,,,,17344846,,,,,,
,,,,8654423,,,,,,
,,,,14702039,,,,,,
CAMK,DAPK,DAPK,"DAPK1,DAPK2,DAPK3",12730201,,,,,,
,,,,11573098,,,,,,
,,,,21406692,,,,,,
,,,,15164053,,,,,,
,,,,27068745,,,,,,
,,,,24275569,,,,,,
,,,,21408167,,,,,,
,,,,21497122,,,,,,
,,,,17703233,,,,,,
,,,,16132846,,,,,,
,,,,10629061,,,,,,
,,,,17344846,,,,,,
,,,,20389280,,,,,,
,,,,16756490,,,,,,
,,,,19878313,,,,,,
,,,,14505650,,,,,,
,,,,23186163,,,,,,
,,,,15489334,,,,,,
,,,,15729359,,,,,,
,,,,11579085,,,,,,
,,,,19180116,,,,,,
,,,,16213824,,,,,,
,,,,17974005,,,,,,
,,,,17895359,,,,,,
,,,,17056602,,,,,,
,,,,7828849,,,,,,
,,,,15616583,,,,,,
,,,,11980920,,,,,,
,,,,14702039,,,,,,
,,,,18195017,,,,,,
,,,,18974095,,,,,,
,,,,18995835,,,,,,
,,,,15367680,,,,,,
,,,,18422656,,,,,,
,,,,11980920,,,,,,
,,,,10376525,,,,,,
,,,,16756490,,,,,,
,,,,11230133,,,,,,
,,,,10629061,,,,,,
,,,,18669648,,,,,,
,,,,21408167,,,,,,
,,,,17344846,,,,,,
,,,,18957423,,,,,,
,,,,26047703,,,,,,
,,,,12445458,,,,,,
,,,,17347302,,,,,,
,,,,16572171,,,,,,
,,,,23186163,,,,,,
,,,,15489334,,,,,,
,,,,24163421,,,,,,
,,,,15096528,,,,,,
,,,,21408167,,,,,,
,,,,20854903,,,,,,
,,,,21487036,,,,,,
,,,,21454679,,,,,,
,,,,18995835,,,,,,
,,,,10356987,,,,,,
,,,,15910542,,,,,,
,,,,21169990,,,,,,
,,,,17126281,,,,,,
,,,,17158456,,,,,,
,,,,17344846,,,,,,
,,,,15367680,,,,,,
,,,,18239682,,,,,,
,,,,16756490,,,,,,
,,,,16219639,,,,,,
,,,,15489334,,,,,,
,,,,15611134,,,,,,
,,,,11384979,,,,,,
,,,,23454120,,,,,,
,,,,11781833,,,,,,
,,,,12917339,,,,,,
,,,,14702039,,,,,,
,,,,17953487,,,,,,
,,,,18084323,,,,,,
,,,,15292222,,,,,,
,,,,9488481,,,,,,
,,,,23186163,,,,,,
CAMK,DAPK,DRAK,"DRAK1,DRAK2",21489989,,,,,,
,,,,17344846,,,,,,
,,,,12690205,,,,,,
,,,,23186163,,,,,,
,,,,18669648,,,,,,
,,,,9786912,,,,,,
,,,,19369195,,,,,,
,,,,15940259,,,,,,
,,,,21802008,,,,,,
,,,,15489334,,,,,,
,,,,12853948,,,,,,
,,,,9786912,,,,,,
,,,,19690332,,,,,,
,,,,19369195,,,,,,
,,,,15489334,,,,,,
,,,,17344846,,,,,,
CAMK,MAPKAPK,MK2,"MAPKAPK2,MAPKAPK3",12791252,,,,,,
,,,,26616734,,,,,,
,,,,15489334,,,,,,
,,,,17395714,,,,,,
,,,,16278218,,,,,,
,,,,10383393,,,,,,
,,,,12565831,,,,,,
,,,,12456657,,,,,,
,,,,8093612,,,,,,
,,,,17480064,,,,,,
,,,,8280084,,,,,,
,,,,15094067,,,,,,
,,,,21269460,,,,,,
,,,,15629715,,,,,,
,,,,11844797,,,,,,
,,,,17344846,,,,,,
,,,,8179591,,,,,,
,,,,17255097,,,,,,
,,,,17576063,,,,,,
,,,,16456544,,,,,,
,,,,17449059,,,,,,
,,,,12171911,,,,,,
,,,,14499342,,,,,,
,,,,14517288,,,,,,
,,,,8774846,,,,,,
,,,,16710414,,,,,,
,,,,15014438,,,,,,
,,,,21131586,,,,,,
,,,,17481585,,,,,,
,,,,18021073,,,,,,
,,,,23186163,,,,,,
,,,,8846784,,,,,,
,,,,18508601,,,,,,
,,,,24275569,,,,,,
,,,,20932473,,,,,,
,,,,18669648,,,,,,
,,,,19054851,,,,,,
,,,,19937655,,,,,,
,,,,8774846,,,,,,
,,,,8622688,,,,,,
,,,,18021073,,,,,,
,,,,21565500,,,,,,
,,,,22814378,,,,,,
,,,,15302577,,,,,,
,,,,15563468,,,,,,
,,,,15489334,,,,,,
,,,,21269460,,,,,,
,,,,19413330,,,,,,
,,,,10383393,,,,,,
,,,,20599781,,,,,,
,,,,10781029,,,,,,
,,,,17344846,,,,,,
,,,,26744326,,,,,,
,,,,18508601,,,,,,
,,,,8626550,,,,,,
CAMK,MAPKAPK,MK5,MAPKAPK5,19413330,,,,,,
,,,,19166925,,,,,,
,,,,17254968,,,,,,
,,,,17728103,,,,,,
,,,,18669648,,,,,,
,,,,9628874,,,,,,
,,,,19690332,,,,,,
,,,,17974005,,,,,,
,,,,21329882,,,,,,
,,,,10708586,,,,,,
,,,,15489334,,,,,,
,,,,33442026,,,,,,
,,,,12808055,,,,,,
,,,,14702039,,,,,,
,,,,20227494,,,,,,
,,,,17344846,,,,,,
,,,,23186163,,,,,,
CAMK,MAPKAPK,MNK,"MNK1,MNK2",9878069,,,,,,
,,,,15234964,,,,,,
,,,,16710414,,,,,,
,,,,15350534,,,,,,
,,,,23186163,,,,,,
,,,,11463832,,,,,,
,,,,17344846,,,,,,
,,,,15489334,,,,,,
,,,,18669648,,,,,,
,,,,9155018,,,,,,
,,,,23186163,,,,,,
,,,,15489334,,,,,,
,,,,18691976,,,,,,
,,,,20823271,,,,,,
,,,,11013076,,,,,,
,,,,11463832,,,,,,
,,,,16111636,,,,,,
,,,,21149447,,,,,,
,,,,17965020,,,,,,
,,,,20927323,,,,,,
,,,,11154262,,,,,,
,,,,16216586,,,,,,
,,,,20664001,,,,,,
,,,,20722422,,,,,,
,,,,17344846,,,,,,
,,,,18508592,,,,,,
,,,,16917500,,,,,,
,,,,15057824,,,,,,
,,,,18299328,,,,,,
,,,,12897141,,,,,,
,,,,19690332,,,,,,
,,,,18669648,,,,,,
CAMK,MLCK,Unc89,"SPEK, Obscn",,,,,,,
CAMK,PHK,,"PHKg1,PHKg2",,,,,2.7.11.19,,phosphorylase kinase
CAMK,PIM,,"PIM1,PIM2,PIM3",17344846,,,,,,
,,,,1825810,,,,,,
,,,,25121590,,,,,,
,,,,3429489,,,,,,
,,,,16356754,,,,,,
,,,,3475233,,,,,,
,,,,23186163,,,,,,
,,,,18056989,,,,,,
,,,,12473674,,,,,,
,,,,12431783,,,,,,
,,,,15489334,,,,,,
,,,,18593906,,,,,,
,,,,2205533,,,,,,
,,,,10664448,,,,,,
,,,,16186805,,,,,,
,,,,12680209,,,,,,
,,,,15798097,,,,,,
,,,,3329709,,,,,,
,,,,19749799,,,,,,
,,,,15525646,,,,,,
,,,,31548394,,,,,,
,,,,11460166,,,,,,
,,,,2837645,,,,,,
,,,,15657054,,,,,,
,,,,14574404,,,,,,
,,,,15528381,,,,,,
,,,,15808862,,,,,,
,,,,14702039,,,,,,
,,,,20307683,,,,,,
,,,,16548883,,,,,,
,,,,15772651,,,,,,
,,,,17344846,,,,,,
,,,,18675992,,,,,,
,,,,15489334,,,,,,
,,,,9804974,,,,,,
,,,,18593906,,,,,,
,,,,19841674,,,,,,
,,,,17270021,,,,,,
,,,,15489334,,,,,,
,,,,10591208,,,,,,
,,,,18593906,,,,,,
,,,,16141072,,,,,,
,,,,17876606,,,,,,
,,,,16818649,,,,,,
,,,,15540201,,,,,,
,,,,12473674,,,,,,
,,,,12798037,,,,,,
CAMK,PKD,,"PKD1,PKD2,PKD3",21357900,,,,,,
,,,,18509061,,,,,,
,,,,18239146,,,,,,
,,,,12637538,,,,,,
,,,,21406692,,,,,,
,,,,27479907,,,,,,
,,,,17804414,,,,,,
,,,,19413330,,,,,,
,,,,15701647,,,,,,
,,,,19211839,,,,,,
,,,,10764790,,,,,,
,,,,10523301,,,,,,
,,,,18332134,,,,,,
,,,,19655095,,,,,,
,,,,19369195,,,,,,
,,,,12508121,,,,,,
,,,,14702039,,,,,,
,,,,18076381,,,,,,
,,,,19135240,,,,,,
,,,,12505989,,,,,,
,,,,12893243,,,,,,
,,,,17344846,,,,,,
,,,,15024053,,,,,,
,,,,11978539,,,,,,
,,,,15471852,,,,,,
,,,,8119958,,,,,,
,,,,16959974,,,,,,
,,,,17703233,,,,,,
,,,,17442957,,,,,,
,,,,24623306,,,,,,
,,,,14743217,,,,,,
,,,,17344846,,,,,,
,,,,23503467,,,,,,
,,,,12058027,,,,,,
,,,,23186163,,,,,,
,,,,24275569,,,,,,
,,,,19192391,,,,,,
,,,,17962809,,,,,,
,,,,18262756,,,,,,
,,,,11042152,,,,,,
,,,,17974005,,,,,,
,,,,21406692,,,,,,
,,,,18669648,,,,,,
,,,,18691976,,,,,,
,,,,18076381,,,,,,
,,,,19690332,,,,,,
,,,,19369195,,,,,,
,,,,21269460,,,,,,
,,,,18836451,,,,,,
,,,,14702039,,,,,,
,,,,17951978,,,,,,
,,,,17077180,,,,,,
,,,,16928771,,,,,,
,,,,15057824,,,,,,
,,,,20068231,,,,,,
,,,,19413330,,,,,,
,,,,15604256,,,,,,
,,,,28428613,,,,,,
,,,,19001381,,,,,,
,,,,11062248,,,,,,
,,,,17344846,,,,,,
,,,,15489334,,,,,,
,,,,20068231,,,,,,
,,,,16964243,,,,,,
,,,,19369195,,,,,,
,,,,23186163,,,,,,
,,,,15815621,,,,,,
,,,,18669648,,,,,,
,,,,10231560,,,,,,
,,,,18076381,,,,,,
,,,,19413330,,,,,,
,,,,18691976,,,,,,
CAMK,TSSK,,"TSSK1,TSSK2,TSSK3,TSSK4, SSTK",15489334,,,,,,
,,,,15044604,,,,,,
,,,,14702039,,,,,,
,,,,17566264,,,,,,
,,,,19530700,,,,,,
,,,,15372022,,,,,,
,,,,15733851,,,,,,
,,,,17344846,,,,,,
,,,,20729278,,,,,,
,,,,8776594,,,,,,
,,,,19926886,,,,,,
,,,,18533145,,,,,,
,,,,18495105,,,,,,
,,,,10591208,,,,,,
,,,,15489334,,,,,,
,,,,15461802,,,,,,
,,,,17344846,,,,,,
,,,,17566264,,,,,,
,,,,15044604,,,,,,
,,,,20729278,,,,,,
,,,,16710414,,,,,,
,,,,15489334,,,,,,
,,,,17344846,,,,,,
,,,,11597141,,,,,,
,,,,14702039,,,,,,
,,,,17344846,,,,,,
,,,,30683861,,,,,,
,,,,15964553,,,,,,
,,,,15489334,,,,,,
,,,,15489334,,,,,,
,,,,14702039,,,,,,
,,,,15870294,,,,,,
,,,,20829357,,,,,,
CK1,CK1,CK1-A,"CK1a, CK1a2",,,,,,,
CK1,CK1,CK1-D,"CK1d,CK1e",,,,,,,
CK1,CK1,CK1-G,"CK1g1,CK1g2,CK1g3",,,,,,,
CK1,VRK,,"VRK1,VRK2,VRK3",10951572,,,,,,
,,,,20068231,,,,,,
,,,,15105425,,,,,,
,,,,18617507,,,,,,
,,,,16495336,,,,,,
,,,,19646678,,,,,,
,,,,28112733,,,,,,
,,,,16704422,,,,,,
,,,,15489334,,,,,,
,,,,21269460,,,,,,
,,,,33177193,,,,,,
,,,,9344656,,,,,,
,,,,33076429,,,,,,
,,,,23186163,,,,,,
,,,,21543316,,,,,,
,,,,11883897,,,,,,
,,,,24275569,,,,,,
,,,,14645249,,,,,,
,,,,19103756,,,,,,
,,,,23186163,,,,,,
,,,,20679487,,,,,,
,,,,20068231,,,,,,
,,,,15815621,,,,,,
,,,,14645249,,,,,,
,,,,18286207,,,,,,
,,,,16704422,,,,,,
,,,,15489334,,,,,,
,,,,17344846,,,,,,
,,,,18669648,,,,,,
,,,,33177193,,,,,,
,,,,16963744,,,,,,
,,,,14702039,,,,,,
,,,,18617507,,,,,,
,,,,9344656,,,,,,
,,,,31341052,,,,,,
,,,,16495336,,,,,,
,,,,17709393,,,,,,
,,,,18691976,,,,,,
,,,,19141289,,,,,,
,,,,14702039,,,,,,
,,,,21406692,,,,,,
,,,,17344846,,,,,,
,,,,18617507,,,,,,
,,,,18669648,,,,,,
,,,,23186163,,,,,,
,,,,20068231,,,,,,
,,,,15057824,,,,,,
,,,,19690332,,,,,,
,,,,19141289,,,,,,
,,,,14645249,,,,,,
,,,,15489334,,,,,,
CMGC,CK2,,"CK2a1,CK2a2",,,,,,,
CMGC,CLK,,"CLK1,CLK2,CLK3,CLK4",10480872,,,,,,
,,,,14702039,,,,,,
,,,,19168442,,,,,,
,,,,17081983,,,,,,
,,,,15489334,,,,,,
,,,,12705895,,,,,,
,,,,1704889,,,,,,
,,,,17344846,,,,,,
,,,,14759258,,,,,,
,,,,23186163,,,,,,
,,,,15815621,,,,,,
,,,,18691976,,,,,,
,,,,7990150,,,,,,
,,,,19369195,,,,,,
,,,,18669648,,,,,,
,,,,18691976,,,,,,
,,,,19282290,,,,,,
,,,,20682768,,,,,,
,,,,8910305,,,,,,
,,,,19168442,,,,,,
,,,,7990150,,,,,,
,,,,16710414,,,,,,
,,,,15489334,,,,,,
,,,,19369195,,,,,,
,,,,23186163,,,,,,
,,,,18669648,,,,,,
,,,,10480872,,,,,,
,,,,12705895,,,,,,
,,,,9637771,,,,,,
,,,,28289210,,,,,,
,,,,14759258,,,,,,
,,,,9331372,,,,,,
,,,,17081983,,,,,,
,,,,14759258,,,,,,
,,,,21615147,,,,,,
,,,,20068231,,,,,,
,,,,7990150,,,,,,
,,,,19690332,,,,,,
,,,,23186163,,,,,,
,,,,17344846,,,,,,
,,,,19168442,,,,,,
,,,,18669648,,,,,,
,,,,15489334,,,,,,
,,,,24275569,,,,,,
,,,,16572171,,,,,,
,,,,18691976,,,,,,
,,,,9637771,,,,,,
,,,,18691976,,,,,,
,,,,12824502,,,,,,
,,,,11170754,,,,,,
,,,,19369195,,,,,,
,,,,12705895,,,,,,
,,,,19168442,,,,,,
,,,,17344846,,,,,,
,,,,23186163,,,,,,
,,,,17081983,,,,,,
,,,,18669648,,,,,,
CMGC,DYRK,DYRK1,"DYRK1A,DYRK1B",9037601,,,,,,
,,,,15592455,,,,,,
,,,,19266028,,,,,,
,,,,9503011,,,,,,
,,,,14593110,,,,,,
,,,,22998443,,,,,,
,,,,23864635,,,,,,
,,,,24239188,,,,,,
,,,,25620562,,,,,,
,,,,21294719,,,,,,
,,,,8975710,,,,,,
,,,,20981014,,,,,,
,,,,29849146,,,,,,
,,,,19690332,,,,,,
,,,,20167603,,,,,,
,,,,23665168,,,,,,
,,,,8769099,,,,,,
,,,,8872470,,,,,,
,,,,21127067,,,,,,
,,,,10329007,,,,,,
,,,,24275569,,,,,,
,,,,23186163,,,,,,
,,,,17344846,,,,,,
,,,,14500717,,,,,,
,,,,23160955,,,,,,
,,,,31024071,,,,,,
,,,,30773093,,,,,,
,,,,18691976,,,,,,
,,,,23415227,,,,,,
,,,,9918863,,,,,,
,,,,10910078,,,,,,
,,,,14593110,,,,,,
,,,,15057824,,,,,,
,,,,33469661,,,,,,
,,,,15489334,,,,,,
,,,,32611815,,,,,,
,,,,17344846,,,,,,
,,,,22998443,,,,,,
,,,,11980910,,,,,,
,,,,14500717,,,,,,
,,,,24827035,,,,,,
CMGC,DYRK,DYRK2,"DRK2,DRK3,DRK4",,,,,,,
CMGC,DYRK,HIPK,"HIPK1,HIPK2,HIPK3,HIPK4",9734811,,,,,,
,,,,25772364,,,,,,
,,,,28112733,,,,,,
,,,,15489334,,,,,,
,,,,12529400,,,,,,
,,,,12968034,,,,,,
,,,,15701637,,,,,,
,,,,16710414,,,,,,
,,,,17344846,,,,,,
,,,,16390825,,,,,,
,,,,19646965,,,,,,
,,,,18219322,,,,,,
,,,,17974005,,,,,,
,,,,12702766,,,,,,
,,,,25218447,,,,,,
,,,,19690332,,,,,,
,,,,28289210,,,,,,
,,,,24559171,,,,,,
,,,,23186163,,,,,,
,,,,24275569,,,,,,
,,,,18974774,,,,,,
,,,,19046997,,,,,,
,,,,11267674,,,,,,
,,,,14647468,,,,,,
,,,,21192925,,,,,,
,,,,20573984,,,,,,
,,,,21145359,,,,,,
,,,,11798164,,,,,,
,,,,33591310,,,,,,
,,,,22825850,,,,,,
,,,,20514025,,,,,,
,,,,20980392,,,,,,
,,,,18536714,,,,,,
,,,,17018294,,,,,,
,,,,14609633,,,,,,
,,,,20234185,,,,,,
,,,,19448668,,,,,,
,,,,17960875,,,,,,
,,,,12851404,,,,,,
,,,,16253240,,,,,,
,,,,27211601,,,,,,
,,,,11925430,,,,,,
,,,,20307497,,,,,,
,,,,18695000,,,,,,
,,,,12853948,,,,,,
,,,,19015637,,,,,,
,,,,20637728,,,,,,
,,,,17344846,,,,,,
,,,,19788416,,,,,,
,,,,11740489,,,,,,
,,,,28112733,,,,,,
,,,,11032752,,,,,,
,,,,16601678,,,,,,
,,,,19369195,,,,,,
,,,,12874272,,,,,,
,,,,12907596,,,,,,
,,,,19714248,,,,,,
,,,,12220523,,,,,,
,,,,18093972,,,,,,
,,,,18809579,,,,,,
,,,,14678985,,,,,,
,,,,28112733,,,,,,
,,,,10961991,,,,,,
,,,,9373137,,,,,,
,,,,16554811,,,,,,
,,,,9725910,,,,,,
,,,,11034606,,,,,,
,,,,17210646,,,,,,
,,,,14766760,,,,,,
,,,,17344846,,,,,,
,,,,17344846,,,,,,
,,,,14702039,,,,,,
,,,,15489334,,,,,,
CMGC,DYRK,PRP4,PRP4,11418604,,,,,,
,,,,25114211,,,,,,
,,,,21269460,,,,,,
,,,,22223895,,,,,,
,,,,9102632,,,,,,
,,,,11991638,,,,,,
,,,,15489334,,,,,,
,,,,12077342,,,,,,
,,,,19690332,,,,,,
,,,,19608861,,,,,,
,,,,9628581,,,,,,
,,,,17081983,,,,,,
,,,,19413330,,,,,,
,,,,14702039,,,,,,
,,,,15592455,,,,,,
,,,,24275569,,,,,,
,,,,22814378,,,,,,
,,,,21406692,,,,,,
,,,,17344846,,,,,,
,,,,25755297,,,,,,
,,,,28112733,,,,,,
,,,,14574404,,,,,,
,,,,23186163,,,,,,
,,,,25218447,,,,,,
,,,,16959974,,,,,,
,,,,20068231,,,,,,
,,,,18669648,,,,,,
CMGC,MAPK,nmo,NLK,20118921,,,?,2.7.11.24,,mitogen-activated protein kinase
,,,,15764709,,,,,,
,,,,17952062,,,,,,
,,,,25512613,,,,,,
,,,,25358353,,,,,,
,,,,15004007,,,,,,
,,,,15082531,,,,,,
,,,,20874444,,,,,,
,,,,14702039,,,,,,
,,,,15489334,,,,,,
,,,,12482967,,,,,,
,,,,14960582,,,,,,
,,,,10863097,,,,,,
,,,,19369195,,,,,,
,,,,23186163,,,,,,
,,,,26588989,,,,,,
,,,,20061393,,,,,,
,,,,17344846,,,,,,
,,,,19690332,,,,,,
,,,,21454679,,,,,,
,,,,16714285,,,,,,
CMGC,RCK,MAK,"ICK, MAK, MOK",12103360,,,,,,
,,,,24853502,,,,,,
,,,,17344846,,,,,,
,,,,10231032,,,,,,
,,,,19185282,,,,,,
,,,,18691976,,,,,,
,,,,24797473,,,,,,
,,,,15988018,,,,,,
,,,,19369195,,,,,,
,,,,10699974,,,,,,
,,,,29539279,,,,,,
,,,,14574404,,,,,,
,,,,15489334,,,,,,
,,,,21835304,,,,,,
,,,,21697133,,,,,,
,,,,17344846,,,,,,
,,,,21986944,,,,,,
,,,,2183027,,,,,,
,,,,21825139,,,,,,
,,,,14574404,,,,,,
,,,,12084720,,,,,,
,,,,16951154,,,,,,
,,,,8781117,,,,,,
,,,,12508121,,,,,,
,,,,17344846,,,,,,
,,,,14702039,,,,,,
,,,,15489334,,,,,,
,,,,10421840,,,,,,
CMGC,SRPK,,"MSSK1, SRPK1,SRPK2",21205200,,,,,,
,,,,15772651,,,,,,
,,,,15489334,,,,,,
,,,,14702039,,,,,,
,,,,17344846,,,,,,
,,,,11063724,,,,,,
,,,,18155240,,,,,,
,,,,19690332,,,,,,
,,,,14702039,,,,,,
,,,,19886675,,,,,,
,,,,18691976,,,,,,
,,,,28076779,,,,,,
,,,,17081983,,,,,,
,,,,24275569,,,,,,
,,,,12134018,,,,,,
,,,,23186163,,,,,,
,,,,20708644,,,,,,
,,,,12565829,,,,,,
,,,,19553338,,,,,,
,,,,19240134,,,,,,
,,,,18342604,,,,,,
,,,,9237760,,,,,,
,,,,18687337,,,,,,
,,,,19674106,,,,,,
,,,,21269460,,,,,,
,,,,21157427,,,,,,
,,,,18669648,,,,,,
,,,,14574404,,,,,,
,,,,21205204,,,,,,
,,,,21205200,,,,,,
,,,,19477182,,,,,,
,,,,19413330,,,,,,
,,,,16209947,,,,,,
,,,,11509566,,,,,,
,,,,16122776,,,,,,
,,,,17223538,,,,,,
,,,,25944712,,,,,,
,,,,21406692,,,,,,
,,,,15489334,,,,,,
,,,,14555757,,,,,,
,,,,8208298,,,,,,
,,,,10049757,,,,,,
,,,,15034300,,,,,,
,,,,10390541,,,,,,
,,,,21205200,,,,,,
,,,,28076779,,,,,,
,,,,21406692,,,,,,
,,,,19413330,,,,,,
,,,,15489334,,,,,,
,,,,21056976,,,,,,
,,,,20068231,,,,,,
,,,,16964243,,,,,,
,,,,16122776,,,,,,
,,,,18691976,,,,,,
,,,,24275569,,,,,,
,,,,18559500,,,,,,
,,,,21157427,,,,,,
,,,,23186163,,,,,,
,,,,19592491,,,,,,
,,,,12134018,,,,,,
,,,,18425142,,,,,,
,,,,15144186,,,,,,
,,,,18669648,,,,,,
,,,,19690332,,,,,,
,,,,9472028,,,,,,
,,,,12853948,,,,,,
,,,,21269460,,,,,,
,,,,17344846,,,,,,
HisK,PDHK,BCKDK,BCKDK,22956686,,,,2.7.11.2,,[pyruvate dehydrogenase (acetyl-transferring)] kinase
,,,,23186163,,,,,,
,,,,21406692,,,,,,
,,,,18220336,,,,,,
,,,,17081983,,,,,,
,,,,15616553,,,,,,
,,,,18691976,,,,,,
,,,,15489334,,,,,,
,,,,24449431,,,,,,
,,,,19608861,,,,,,
,,,,25944712,,,,,,
,,,,20068231,,,,,,
,,,,24275569,,,,,,
,,,,14702039,,,,,,
HisK,PDHK,PDHK,"PDHK1,PDHK2,PDHK3,PDHK4",17344846,,,,2.7.11.2,,[pyruvate dehydrogenase (acetyl-transferring)] kinase
,,,,22195962,,,,,,
,,,,17683942,,,,,,
,,,,7499431,,,,,,
,,,,18541534,,,,,,
,,,,15815621,,,,,,
,,,,21269460,,,,,,
,,,,27505672,,,,,,
,,,,14702039,,,,,,
,,,,25944712,,,,,,
,,,,21763680,,,,,,
,,,,15489334,,,,,,
,,,,16401071,,,,,,
,,,,17344846,,,,,,
,,,,16625196,,,,,,
,,,,15491150,,,,,,
,,,,22123926,,,,,,
,,,,24275569,,,,,,
,,,,12816949,,,,,,
,,,,9787110,,,,,,
,,,,19833728,,,,,,
,,,,17669420,,,,,,
,,,,17222789,,,,,,
,,,,15489334,,,,,,
,,,,7499431,,,,,,
,,,,16517984,,,,,,
,,,,21283817,,,,,,
,,,,14702039,,,,,,
,,,,15861126,,,,,,
,,,,20715114,,,,,,
,,,,16436377,,,,,,
,,,,11486000,,,,,,
,,,,23297365,,,,,,
,,,,21406692,,,,,,
,,,,7499431,,,,,,
,,,,17532006,,,,,,
,,,,15489334,,,,,,
,,,,18718909,,,,,,
,,,,14702039,,,,,,
,,,,22865452,,,,,,
,,,,25944712,,,,,,
,,,,10748134,,,,,,
,,,,17669420,,,,,,
,,,,17683942,,,,,,
,,,,11978179,,,,,,
,,,,17344846,,,,,,
,,,,15489334,,,,,,
,,,,21852536,,,,,,
,,,,17344846,,,,,,
,,,,18658136,,,,,,
,,,,15955060,,,,,,
,,,,17669420,,,,,,
,,,,20715114,,,,,,
,,,,8798399,,,,,,
,,,,12853948,,,,,,
,,,,21904029,,,,,,
,,,,21816445,,,,,,
,,,,14966024,,,,,,
NDK,NDK,NDKA,"NME1,NME2,NME3,NME4",7638209,,,,,,
,,,,11157797,,,,,,
,,,,21269460,,,,,,
,,,,15489334,,,,,,
,,,,17028143,,,,,,
,,,,15616553,,,,,,
,,,,24970086,,,,,,
,,,,10799505,,,,,,
,,,,11157797,,,,,,
,,,,23150663,,,,,,
,,,,18635542,,,,,,
,,,,15489334,,,,,,
,,,,9099850,,,,,,
NDK,NDK,NDKC,NME6,25944712,,,,,,
,,,,10453732,,,,,,
,,,,14702039,,,,,,
,,,,16641997,,,,,,
,,,,21269460,,,,,,
,,,,15489334,,,,,,
NDK,NDK,NDKE,"NME8,NME9",,,,,,,
Other,BUB,,"BUB1, BUB1R",9660858,,,,,,
,,,,20068231,,,,,,
,,,,23186163,,,,,,
,,,,15815621,,,,,,
,,,,10198256,,,,,,
,,,,9790499,,,,,,
,,,,17981135,,,,,,
,,,,21406692,,,,,,
,,,,26223641,,,,,,
,,,,17344846,,,,,,
,,,,20739936,,,,,,
,,,,10366450,,,,,,
,,,,18669648,,,,,,
,,,,35044816,,,,,,
,,,,17525332,,,,,,
,,,,15020684,,,,,,
,,,,19487456,,,,,,
,,,,21269460,,,,,,
,,,,18691976,,,,,,
,,,,16760428,,,,,,
,,,,17158872,,,,,,
,,,,19369195,,,,,,
,,,,18922873,,,,,,
,,,,9521327,,,,,,
,,,,15723797,,,,,,
,,,,19690332,,,,,,
,,,,19413330,,,,,,
,,,,15525512,,,,,,
,,,,12655561,,,,,,
,,,,9441741,,,,,,
,,,,15489334,,,,,,
Other,CDC7,,CDC,,,,,,,
Other,Dusty,,Dusty,,,,,,,
Other,Haspin,,Haspin,,,,,,,
Other,IKK,,"IKKa,IKKb,IKKe, TBK1",19010780,,,,2.7.11.10,,IkappaB kinase
,,,,27692986,,,,,,
,,,,21042276,,,,,,
,,,,32466380,,,,,,
,,,,31530866,,,,,,
,,,,25636800,,,,,,
,,,,21447600,,,,,,
,,,,25736436,,,,,,
,,,,34084167,,,,,,
,,,,20375222,,,,,,
,,,,28848048,,,,,,
,,,,28011935,,,,,,
,,,,15485837,,,,,,
,,,,19416887,,,,,,
,,,,21931631,,,,,,
,,,,12702806,,,,,,
,,,,20174559,,,,,,
,,,,17018283,,,,,,
,,,,18691976,,,,,,
,,,,22306015,,,,,,
,,,,22851595,,,,,,
,,,,16281057,,,,,,
,,,,36802409,,,,,,
,,,,32979938,,,,,,
,,,,20628368,,,,,,
,,,,21270402,,,,,,
,,,,26513235,,,,,,
,,,,25943890,,,,,,
,,,,23453971,,,,,,
,,,,22388039,,,,,,
,,,,26611359,,,,,,
,,,,24706939,,,,,,
,,,,14702039,,,,,,
,,,,19369195,,,,,,
,,,,21813773,,,,,,
,,,,31320558,,,,,,
,,,,10783893,,,,,,
,,,,30842653,,,,,,
,,,,29251827,,,,,,
,,,,23186163,,,,,,
,,,,16155125,,,,,,
,,,,28680969,,,,,,
,,,,25803835,,,,,,
,,,,18583960,,,,,,
,,,,14739303,,,,,,
,,,,15489227,,,,,,
,,,,27103069,,,,,,
,,,,21617041,,,,,,
,,,,19419966,,,,,,
,,,,28904192,,,,,,
,,,,32366851,,,,,,
,,,,27776110,,,,,,
,,,,14703513,,,,,,
,,,,12692549,,,,,,
,,,,22945920,,,,,,
,,,,30354798,,,,,,
,,,,21138416,,,,,,
,,,,23746807,,,,,,
,,,,32185393,,,,,,
,,,,19153231,,,,,,
,,,,29150432,,,,,,
,,,,32404352,,,,,,
,,,,32972995,,,,,,
,,,,21145761,,,,,,
,,,,17599067,,,,,,
,,,,19483718,,,,,,
,,,,15489334,,,,,,
,,,,33226137,,,,,,
,,,,21903422,,,,,,
,,,,17344846,,,,,,
,,,,30021900,,,,,,
,,,,21269460,,,,,,
,,,,11839743,,,,,,
,,,,14560022,,,,,,
,,,,28871090,,,,,,
,,,,14530355,,,,,,
,,,,22750291,,,,,,
,,,,28373913,,,,,,
,,,,31709703,,,,,,
,,,,15367631,,,,,,
,,,,23453972,,,,,,
,,,,10581243,,,,,,
,,,,18636086,,,,,,
,,,,15841462,,,,,,
,,,,21464307,,,,,,
,,,,24478431,,,,,,
Other,IRE,,"IRE1,IRE2",15489334,,,,,,
,,,,32149426,,,,,,
,,,,28067262,,,,,,
,,,,23378536,,,,,,
,,,,24508390,,,,,,
,,,,17344846,,,,,,
,,,,14702039,,,,,,
,,,,21317875,,,,,,
,,,,12637535,,,,,,
,,,,9637683,,,,,,
,,,,29198525,,,,,,
,,,,16625196,,,,,,
,,,,11278723,,,,,,
,,,,16973740,,,,,,
,,,,28128204,,,,,,
,,,,21884936,,,,,,
,,,,11175748,,,,,,
,,,,23103912,,,,,,
,,,,21269460,,,,,,
,,,,31875558,,,,,,
,,,,11779464,,,,,,
,,,,30118681,,,,,,
,,,,19369195,,,,,,
,,,,17344846,,,,,,
,,,,11175748,,,,,,
,,,,14702039,,,,,,
,,,,15616553,,,,,,
Other,KIS,,KIS,10574929,,,,,,
,,,,23419774,,,,,,
,,,,16710414,,,,,,
,,,,14702039,,,,,,
,,,,12782393,,,,,,
,,,,12093740,,,,,,
,,,,17344846,,,,,,
,,,,15489334,,,,,,
Other,MOS,,MOS,6287464,,,,,,
,,,,15489334,,,,,,
,,,,17344846,,,,,,
Other,NKF1,,"SBK, SgK069, SgK110",17344846,,,,,,
Other,NKF2,,PINK1,25527291,,,,,,
,,,,18785233,,,,,,
,,,,19966284,,,,,,
,,,,18330912,,,,,,
,,,,15087508,,,,,,
,,,,17030667,,,,,,
,,,,20547144,,,,,,
,,,,16672980,,,,,,
,,,,32047033,,,,,,
,,,,32484300,,,,,,
,,,,24652937,,,,,,
,,,,23754282,,,,,,
,,,,15505171,,,,,,
,,,,25474007,,,,,,
,,,,16632486,,,,,,
,,,,24896179,,,,,,
,,,,16207217,,,,,,
,,,,16257123,,,,,,
,,,,22956510,,,,,,
,,,,16482571,,,,,,
,,,,23933751,,,,,,
,,,,15349860,,,,,,
,,,,18286320,,,,,,
,,,,18443288,,,,,,
,,,,22354088,,,,,,
,,,,24784582,,,,,,
,,,,18687899,,,,,,
,,,,20798600,,,,,,
,,,,16207731,,,,,,
,,,,24751536,,,,,,
,,,,19229105,,,,,,
,,,,15596610,,,,,,
,,,,14702039,,,,,,
,,,,24898855,,,,,,
,,,,16966503,,,,,,
,,,,29123128,,,,,,
,,,,20404107,,,,,,
,,,,15349870,,,,,,
,,,,14607334,,,,,,
,,,,16969854,,,,,,
,,,,30733118,,,,,,
,,,,15970950,,,,,,
,,,,24660806,,,,,,
,,,,18957282,,,,,,
,,,,11494141,,,,,,
,,,,16710414,,,,,,
,,,,16401616,,,,,,
,,,,15955953,,,,,,
,,,,17344846,,,,,,
,,,,15489334,,,,,,
,,,,16009891,,,,,,
,,,,31536960,,,,,,
,,,,23620051,,,,,,
,,,,22910362,,,,,,
,,,,22043288,,,,,,
,,,,22396657,,,,,,
Other,NKF4,,"CLIK1, CLIK1L",14702039,,,,,,
,,,,11973348,,,,,,
,,,,11780052,,,,,,
,,,,19756140,,,,,,
,,,,15489334,,,,,,
,,,,16710414,,,,,,
,,,,17974005,,,,,,
,,,,15489334,,,,,,
,,,,14631099,,,,,,
,,,,14702039,,,,,,
Other,Other-Unique (1),,RNAseL,,,,,,,
Other,Other-Unique (2),,SgK196,,,,,,,
Other,PEK,HRI,HRI,11036079,,,,,,
,,,,18691976,,,,,,
,,,,17974005,,,,,,
,,,,10931946,,,,,,
,,,,11101152,,,,,,
,,,,17344846,,,,,,
,,,,11230166,,,,,,
,,,,10718198,,,,,,
,,,,28501589,,,,,,
,,,,20071449,,,,,,
,,,,21269460,,,,,,
,,,,15489334,,,,,,
,,,,32197074,,,,,,
,,,,32132707,,,,,,
,,,,32132706,,,,,,
,,,,14702039,,,,,,
,,,,12391722,,,,,,
,,,,34404736,,,,,,
,,,,12690205,,,,,,
Other,PEK,PEK,PEK,17344846,,,,,,
,,,,24508390,,,,,,
,,,,10677345,,,,,,
,,,,10932183,,,,,,
,,,,23103912,,,,,,
,,,,15489334,,,,,,
,,,,33384352,,,,,,
,,,,14702039,,,,,,
,,,,22169477,,,,,,
,,,,21406692,,,,,,
,,,,20068231,,,,,,
,,,,26268696,,,,,,
,,,,15815621,,,,,,
,,,,31875558,,,,,,
,,,,10026192,,,,,,
Other,PEK,PKR,PKR,15229216,,,,,,
,,,,22223895,,,,,,
,,,,16179258,,,,,,
,,,,11438532,,,,,,
,,,,10390359,,,,,,
,,,,23115276,,,,,,
,,,,23399035,,,,,,
,,,,11152499,,,,,,
,,,,9781815,,,,,,
,,,,17344846,,,,,,
,,,,23229543,,,,,,
,,,,8812437,,,,,,
,,,,35146068,,,,,,
,,,,15299030,,,,,,
,,,,23325696,,,,,,
,,,,22814378,,,,,,
,,,,33866603,,,,,,
,,,,21166592,,,,,,
,,,,8921913,,,,,,
,,,,23092889,,,,,,
,,,,1373553,,,,,,
,,,,21710204,,,,,,
,,,,14702039,,,,,,
,,,,20068231,,,,,,
,,,,9736623,,,,,,
,,,,19189853,,,,,,
,,,,20395957,,,,,,
,,,,1695551,,,,,,
,,,,19840259,,,,,,
,,,,22381929,,,,,,
,,,,18971339,,,,,,
,,,,22214662,,,,,,
,,,,18835251,,,,,,
,,,,8576172,,,,,,
,,,,21029237,,,,,,
,,,,25740987,,,,,,
,,,,11160738,,,,,,
,,,,18096616,,,,,,
,,,,17451199,,,,,,
,,,,15815621,,,,,,
,,,,11337501,,,,,,
,,,,11836380,,,,,,
,,,,20685959,,,,,,
,,,,19229320,,,,,,
,,,,16373505,,,,,,
,,,,17079286,,,,,,
,,,,9726442,,,,,,
,,,,15489334,,,,,,
,,,,17158706,,,,,,
,,,,21123651,,,,,,
,,,,9143277,,,,,,
,,,,23403623,,,,,,
,,,,32197074,,,,,,
,,,,27780231,,,,,,
,,,,20171114,,,,,,
,,,,19507191,,,,,,
,,,,20519500,,,,,,
,,,,21924887,,,,,,
,,,,33236446,,,,,,
,,,,17196820,,,,,,
,,,,24275569,,,,,,
,,,,21072047,,,,,,
,,,,23186163,,,,,,
,,,,12882984,,,,,,
,,,,21269460,,,,,,
,,,,19690332,,,,,,
,,,,23372823,,,,,,
,,,,16951545,,,,,,
,,,,10848580,,,,,,
,,,,16987971,,,,,,
,,,,9710605,,,,,,
,,,,22948139,,,,,,
,,,,23084476,,,,,,
,,,,22633454,,,,,,
,,,,9079663,,,,,,
,,,,15121867,,,,,,
,,,,22801494,,,,,,
,,,,15207627,,,,,,
,,,,31246429,,,,,,
,,,,18669648,,,,,,
,,,,23202496,,,,,,
,,,,17267064,,,,,,
,,,,23354059,,,,,,
Other,PLK,PLK1,PLK1,22753416,,,,2.7.11.21,,polo kinase
,,,,9083047,,,,,,
,,,,14532005,,,,,,
,,,,16198290,,,,,,
,,,,18669648,,,,,,
,,,,19468300,,,,,,
,,,,25503564,,,,,,
,,,,15616186,,,,,,
,,,,16645325,,,,,,
,,,,18391401,,,,,,
,,,,12852856,,,,,,
,,,,18521620,,,,,,
,,,,15489334,,,,,,
,,,,18794143,,,,,,
,,,,11202906,,,,,,
,,,,20068231,,,,,,
,,,,12447691,,,,,,
,,,,8991084,,,,,,
,,,,18174154,,,,,,
,,,,24018379,,,,,,
,,,,27979967,,,,,,
,,,,17344846,,,,,,
,,,,14734534,,,,,,
,,,,14592974,,,,,,
,,,,17376779,,,,,,
,,,,20671765,,,,,,
,,,,19029337,,,,,,
,,,,25986610,,,,,,
,,,,23509069,,,,,,
,,,,29191835,,,,,,
,,,,15070733,,,,,,
,,,,12939256,,,,,,
,,,,30715179,,,,,,
,,,,19160488,,,,,,
,,,,23455152,,,,,,
,,,,19509060,,,,,,
,,,,12442251,,,,,,
,,,,19473992,,,,,,
,,,,28112733,,,,,,
,,,,17310276,,,,,,
,,,,16760428,,,,,,
,,,,19596235,,,,,,
,,,,19369195,,,,,,
,,,,16247472,,,,,,
,,,,8018557,,,,,,
,,,,17461553,,,,,,
,,,,16980960,,,,,,
,,,,18005335,,,,,,
,,,,12207013,,,,,,
,,,,16439210,,,,,,
,,,,22814378,,,,,,
,,,,17218258,,,,,,
,,,,17943598,,,,,,
,,,,18331714,,,,,,
,,,,7478607,,,,,,
,,,,17307877,,,,,,
,,,,34260926,,,,,,
,,,,18662541,,,,,,
,,,,12524548,,,,,,
,,,,21269460,,,,,,
,,,,7902533,,,,,,
,,,,18477460,,,,,,
,,,,17495026,,,,,,
,,,,15661742,,,,,,
,,,,18329369,,,,,,
,,,,19468302,,,,,,
,,,,17617734,,,,,,
,,,,12738781,,,,,,
,,,,21402792,,,,,,
,,,,12639966,,,,,,
,,,,15469984,,,,,,
,,,,8127874,,,,,,
,,,,24067371,,,,,,
,,,,17351640,,,,,,
,,,,7962193,,,,,,
,,,,21880710,,,,,,
,,,,15148369,,,,,,
,,,,18691976,,,,,,
,,,,23455478,,,,,,
,,,,23186163,,,,,,
,,,,14654843,,,,,,
,,,,18418051,,,,,,
,,,,18615013,,,,,,
,,,,20679239,,,,,,
,,,,19597481,,,,,,
,,,,19351716,,,,,,
,,,,17981789,,,,,,
,,,,17081991,,,,,,
Other,PLK,PLK2,"PLK2,PLK3",11696980,,,,2.7.11.21,,polo kinase
,,,,15372022,,,,,,
,,,,20352051,,,,,,
,,,,15489334,,,,,,
,,,,18832181,,,,,,
,,,,11716500,,,,,,
,,,,20531387,,,,,,
,,,,17344846,,,,,,
,,,,16160013,,,,,,
,,,,20671765,,,,,,
,,,,15242618,,,,,,
,,,,19001868,,,,,,
,,,,21340720,,,,,,
,,,,20473878,,,,,,
,,,,11447225,,,,,,
,,,,20951827,,,,,,
,,,,14980500,,,,,,
,,,,10557092,,,,,,
,,,,15021912,,,,,,
,,,,20889502,,,,,,
,,,,11746980,,,,,,
,,,,21840391,,,,,,
,,,,15489334,,,,,,
,,,,11039900,,,,,,
,,,,11971976,,,,,,
,,,,19490146,,,,,,
,,,,16478733,,,,,,
,,,,18062778,,,,,,
,,,,11156373,,,,,,
,,,,20671765,,,,,,
,,,,17804415,,,,,,
,,,,19103756,,,,,,
,,,,8702627,,,,,,
,,,,14968113,,,,,,
,,,,11551930,,,,,,
,,,,9353331,,,,,,
,,,,16710414,,,,,,
,,,,17264206,,,,,,
,,,,18650425,,,,,,
,,,,21376736,,,,,,
,,,,16481012,,,,,,
,,,,21098032,,,,,,
,,,,12242661,,,,,,
,,,,21264284,,,,,,
,,,,20940307,,,,,,
Other,PLK,SAK,PLK4,20852615,,,,2.7.11.21,,polo kinase
,,,,16244668,,,,,,
,,,,1311287,,,,,,
,,,,27796307,,,,,,
,,,,30804208,,,,,,
,,,,27246242,,,,,,
,,,,8260651,,,,,,
,,,,21059844,,,,,,
,,,,22020124,,,,,,
,,,,19369195,,,,,,
,,,,15489334,,,,,,
,,,,14702039,,,,,,
,,,,17681131,,,,,,
,,,,32433990,,,,,,
,,,,19454482,,,,,,
,,,,19164942,,,,,,
,,,,15967108,,,,,,
,,,,16326102,,,,,,
,,,,18239451,,,,,,
,,,,25344692,,,,,,
,,,,21725316,,,,,,
,,,,18691976,,,,,,
,,,,11489907,,,,,,
,,,,23186163,,,,,,
,,,,18669648,,,,,,
,,,,17344846,,,,,,
Other,SgK493,,SGK493,12471243,,,,,,
,,,,25171405,,,,,,
,,,,15815621,,,,,,
,,,,15489334,,,,,,
,,,,30478137,,,,,,
Other,TOPK,,PBK,18669648,,,,,,
,,,,10779557,,,,,,
,,,,10781613,,,,,,
,,,,28112733,,,,,,
,,,,11378444,,,,,,
,,,,17924679,,,,,,
,,,,23186163,,,,,,
,,,,22223895,,,,,,
,,,,19413330,,,,,,
,,,,15489334,,,,,,
,,,,16421571,,,,,,
,,,,14702039,,,,,,
,,,,17482142,,,,,,
,,,,21269460,,,,,,
,,,,20068231,,,,,,
,,,,17344846,,,,,,
Other,TTK,,TTK,14574404,,,,,,
,,,,19369195,,,,,,
,,,,7678926,,,,,,
,,,,18669648,,,,,,
,,,,17924679,,,,,,
,,,,20068231,,,,,,
,,,,15489334,,,,,,
,,,,18691976,,,,,,
,,,,14702039,,,,,,
,,,,19690332,,,,,,
,,,,19273613,,,,,,
,,,,1639825,,,,,,
,,,,23186163,,,,,,
,,,,19413330,,,,,,
,,,,19120698,,,,,,
,,,,18243099,,,,,,
,,,,18480048,,,,,,
,,,,22814378,,,,,,
,,,,21269460,,,,,,
,,,,29162720,,,,,,
,,,,1956325,,,,,,
Other,ULK,Fused,Fused,,,,,,,
Other,WNK,,"Wnk1,Wnk2,Wnk3,Wnk4",,,,,,,
PKL,ABC1,ABC1-A,"ADCK1,ADCK2,ADCK3,ADCK4,ADCK5",14702039,,,,,,
,,,,12508121,,,,,,
,,,,15489334,,,,,,
,,,,31125351,,,,,,
,,,,17344846,,,,,,
,,,,12853948,,,,,,
,,,,15489334,,,,,,
,,,,21296186,,,,,,
,,,,25216398,,,,,,
,,,,24270420,,,,,,
,,,,18319074,,,,,,
,,,,26818466,,,,,,
,,,,14702039,,,,,,
,,,,27106809,,,,,,
,,,,24048965,,,,,,
,,,,15498874,,,,,,
,,,,15489334,,,,,,
,,,,22036850,,,,,,
,,,,21269460,,,,,,
,,,,27499296,,,,,,
,,,,25498144,,,,,,
,,,,27499294,,,,,,
,,,,20580948,,,,,,
,,,,17974005,,,,,,
,,,,18319072,,,,,,
,,,,24218524,,,,,,
,,,,17344846,,,,,,
,,,,25540914,,,,,,
,,,,11888884,,,,,,
,,,,16710414,,,,,,
,,,,25944712,,,,,,
,,,,25967120,,,,,,
,,,,25216398,,,,,,
,,,,14702039,,,,,,
,,,,24270420,,,,,,
,,,,21269460,,,,,,
,,,,25944712,,,,,,
,,,,27499296,,,,,,
,,,,17344846,,,,,,
,,,,15489334,,,,,,
,,,,17344846,,,,,,
,,,,15489334,,,,,,
,,,,16421571,,,,,,
,,,,14702039,,,,,,
PKL,CAK,ChoK,"CHKA,CHKB, ETNK1,ETNK2",,,,,"2.7.1.32, 2.7.1.82",,"choline kinase, ethanolamine kinase"
PKL,CAK,KACAD,"ACAD10,ACAD11",,,,,,,
PKL,GASK,FAM198,"FAM198A,FAM198B",17974005,,,,,,
,,,,22171320,,,,,,
,,,,14702039,,,,,,
,,,,30188967,,,,,,
,,,,16641997,,,,,,
,,,,15489334,,,,,,
,,,,12975309,,,,,,
,,,,11256614,,,,,,
,,,,17974005,,,,,,
,,,,14702039,,,,,,
PKL,GASK,FJ,FJX1,,,,,,,
PKL,HYKK,,HYKK,,,,,,,
PKL,PIKK,ATR,ATR,15210935,,,,,,
,,,,18691976,,,,,,
,,,,23186163,,,,,,
,,,,27723720,,,,,,
,,,,12766152,,,,,,
,,,,27723717,,,,,,
,,,,12814551,,,,,,
,,,,11470508,,,,,,
,,,,16530042,,,,,,
,,,,20810650,,,,,,
,,,,11418864,,,,,,
,,,,8978690,,,,,,
,,,,9766667,,,,,,
,,,,22341969,,,,,,
,,,,15680327,,,,,,
,,,,15314022,,,,,,
,,,,11114888,,,,,,
,,,,15050919,,,,,,
,,,,9427750,,,,,,
,,,,18669648,,,,,,
,,,,12791985,,,,,,
,,,,17344846,,,,,,
,,,,15496423,,,,,,
,,,,21269460,,,,,,
,,,,20427287,,,,,,
,,,,10608806,,,,,,
,,,,14729973,,,,,,
,,,,9636169,,,,,,
,,,,15758953,,,,,,
,,,,10545197,,,,,,
,,,,16260606,,,,,,
,,,,18283122,,,,,,
,,,,19413330,,,,,,
,,,,12640452,,,,,,
,,,,21144835,,,,,,
,,,,33848395,,,,,,
,,,,11721054,,,,,,
,,,,11865061,,,,,,
,,,,21406692,,,,,,
,,,,12011431,,,,,,
,,,,10859164,,,,,,
,,,,8843195,,,,,,
,,,,11673449,,,,,,
,,,,14657349,,,,,,
,,,,14742437,,,,,,
,,,,8610130,,,,,,
,,,,12526805,,,,,,
,,,,14871897,,,,,,
,,,,9925639,,,,,,
,,,,10597277,,,,,,
,,,,20801936,,,,,,
PKL,PIPK,PIP4K2,"PIP4K2A,PIP4K2B,PIP4K2C",,Lipid Kinase,,,,,
PKL,PIPK,PIP5K1,"PIP5K1A,PIP5K1B,PIP5K1C",,Lipid Kinase,,,,,
PKL,RESK,FAM69A,"FAM69A,FAM69B",,,,,,,
PKL,RESK,FAM69C,FAM69C,,,,,,,
PKL,RIO,RIO1,"RIO1,RIO2,RIO3",,,,,,,
PyrK,PyrK,,PKM,,,,,,,
SAPPK,BAZ,,"BAZ1A,BAZ1B",20068231,,,,,,
,,,,12508121,,,,,,
,,,,17099699,,,,,,
,,,,28112733,,,,,,
,,,,28801535,,,,,,
,,,,12198550,,,,,,
,,,,10655480,,,,,,
,,,,12434153,,,,,,
,,,,18669648,,,,,,
,,,,21406692,,,,,,
,,,,17519354,,,,,,
,,,,19690332,,,,,,
,,,,21269460,,,,,,
,,,,14759371,,,,,,
,,,,17974005,,,,,,
,,,,25593309,,,,,,
,,,,23186163,,,,,,
,,,,17081983,,,,,,
,,,,10880450,,,,,,
,,,,10662543,,,,,,
,,,,18162579,,,,,,
,,,,19413330,,,,,,
,,,,12853948,,,,,,
,,,,17081983,,,,,,
,,,,25593309,,,,,,
,,,,11980720,,,,,,
,,,,28112733,,,,,,
,,,,9828126,,,,,,
,,,,25218447,,,,,,
,,,,19690332,,,,,,
,,,,19092802,,,,,,
,,,,15489334,,,,,,
,,,,25452584,,,,,,
,,,,9858827,,,,,,
,,,,25755297,,,,,,
,,,,11124022,,,,,,
,,,,18691976,,,,,,
,,,,19234442,,,,,,
,,,,24275569,,,,,,
,,,,10662543,,,,,,
,,,,28801535,,,,,,
,,,,21406692,,,,,,
,,,,20068231,,,,,,
,,,,23186163,,,,,,
,,,,16603771,,,,,,
,,,,15543136,,,,,,
,,,,25114211,,,,,,
,,,,16252006,,,,,,
,,,,18669648,,,,,,
SAPPK,BCR,,"ABR, BCR",17116687,,,,,,
,,,,20962234,,,,,,
,,,,16625196,,,,,,
,,,,2587217,,,,,,
,,,,7479768,,,,,,
,,,,14702039,,,,,,
,,,,8349582,,,,,,
,,,,8262969,,,,,,
,,,,17116687,,,,,,
,,,,21406692,,,,,,
,,,,7665185,,,,,,
,,,,2825022,,,,,,
,,,,22223895,,,,,,
,,,,20962234,,,,,,
,,,,23186163,,,,,,
,,,,21269460,,,,,,
,,,,3285291,,,,,,
,,,,15494376,,,,,,
,,,,17081983,,,,,,
,,,,18088087,,,,,,
,,,,3107980,,,,,,
,,,,7479768,,,,,,
,,,,2263470,,,,,,
,,,,1900918,,,,,,
,,,,2915904,,,,,,
,,,,17344846,,,,,,
,,,,10508479,,,,,,
,,,,9407116,,,,,,
,,,,15302586,,,,,,
,,,,25331951,,,,,,
,,,,1712671,,,,,,
,,,,11780146,,,,,,
,,,,18669648,,,,,,
,,,,15144186,,,,,,
,,,,3540951,,,,,,
,,,,19690332,,,,,,
,,,,2407300,,,,,,
,,,,24275569,,,,,,
,,,,1657398,,,,,,
,,,,1903516,,,,,,
,,,,2989703,,,,,,
,,,,23940119,,,,,,
SAPPK,BLVRA,,BLVRA,8424666,,,,,,
,,,,8631357,,,,,,
,,,,12853948,,,,,,
,,,,18669648,,,,,,
,,,,19413330,,,,,,
,,,,25944712,,,,,,
,,,,15489334,,,,,,
,,,,7929092,,,,,,
,,,,23186163,,,,,,
,,,,19580635,,,,,,
,,,,14702039,,,,,,
,,,,21269460,,,,,,
,,,,19608861,,,,,,
,,,,8950184,,,,,,
,,,,19690332,,,,,,
,,,,24275569,,,,,,
SAPPK,BRD,,"BRD2,BRD3,BRD4, BRDT",24275569,,,,,,
,,,,18669648,,,,,,
,,,,17148447,,,,,,
,,,,18406326,,,,,,
,,,,17974005,,,,,,
,,,,19413330,,,,,,
,,,,14574404,,,,,,
,,,,20871596,,,,,,
,,,,23186163,,,,,,
,,,,1352711,,,,,,
,,,,20068231,,,,,,
,,,,15489334,,,,,,
,,,,21269460,,,,,,
,,,,17344846,,,,,,
,,,,21406692,,,,,,
,,,,16227282,,,,,,
,,,,19690332,,,,,,
,,,,25593309,,,,,,
,,,,8781126,,,,,,
,,,,27105114,,,,,,
,,,,25593309,,,,,,
,,,,18406326,,,,,,
,,,,21406692,,,,,,
,,,,19413330,,,,,,
,,,,15164053,,,,,,
,,,,16008511,,,,,,
,,,,7584044,,,,,,
,,,,28112733,,,,,,
,,,,24275569,,,,,,
,,,,17934517,,,,,,
,,,,20068231,,,,,,
,,,,9373153,,,,,,
,,,,22464331,,,,,,
,,,,18669648,,,,,,
,,,,19690332,,,,,,
,,,,17344846,,,,,,
,,,,15489334,,,,,,
,,,,23186163,,,,,,
,,,,22137933,,,,,,
,,,,19103749,,,,,,
,,,,22645123,,,,,,
,,,,17189189,,,,,,
,,,,21890894,,,,,,
,,,,29176719,,,,,,
,,,,21568322,,,,,,
,,,,22464331,,,,,,
,,,,16940503,,,,,,
,,,,23517011,,,,,,
,,,,20871596,,,,,,
,,,,11733348,,,,,,
,,,,22136404,,,,,,
,,,,25593309,,,,,,
,,,,19608861,,,,,,
,,,,25114211,,,,,,
,,,,18922874,,,,,,
,,,,21406692,,,,,,
,,,,17344846,,,,,,
,,,,17081983,,,,,,
,,,,19596240,,,,,,
,,,,25772364,,,,,,
,,,,15489334,,,,,,
,,,,12543779,,,,,,
,,,,23317504,,,,,,
,,,,23086925,,,,,,
,,,,16109377,,,,,,
,,,,24360279,,,,,,
,,,,25755297,,,,,,
,,,,22334664,,,,,,
,,,,21269460,,,,,,
,,,,24275569,,,,,,
,,,,21555454,,,,,,
,,,,23589332,,,,,,
,,,,16109376,,,,,,
,,,,28112733,,,,,,
,,,,19413330,,,,,,
,,,,21068722,,,,,,
,,,,23530754,,,,,,
,,,,18669648,,,,,,
,,,,18500820,,,,,,
,,,,23095041,,,,,,
,,,,21964340,,,,,,
,,,,20068231,,,,,,
,,,,22509028,,,,,,
,,,,23186163,,,,,,
,,,,23728299,,,,,,
,,,,15057824,,,,,,
,,,,29374058,,,,,,
,,,,25218447,,,,,,
,,,,15489334,,,,,,
,,,,22901802,,,,,,
,,,,25593309,,,,,,
,,,,9367677,,,,,,
,,,,17344846,,,,,,
,,,,22971749,,,,,,
,,,,16710414,,,,,,
,,,,10704737,,,,,,
,,,,28199965,,,,,,
,,,,20538714,,,,,,
,,,,14702039,,,,,,
,,,,15647849,,,,,,
,,,,22464331,,,,,,
SAPPK,Col4A3BP,,Col4A3BP,,Dubious kinase,,,2.7.11.9,,Goodpasture-antigen-binding protein kinase
SAPPK,CPNE,,CPNE,,Dubious kinase,,,,,
SAPPK,FAST,,FASTK,25704814,Dubious kinase,,,2.7.11.8,,Fas-activated serine/threonine kinase
,,,,17135269,,,,,,
,,,,15489334,,,,,,
,,,,7544399,,,,,,
,,,,14702039,,,,,,
,,,,12853948,,,,,,
,,,,17344846,,,,,,
SAPPK,G11,,G11,32531246,Dubious kinase,,,,,
,,,,30712867,,,,,,
,,,,17344846,,,,,,
,,,,8132574,,,,,,
,,,,32531245,,,,,,
,,,,9812991,,,,,,
,,,,8575831,,,,,,
,,,,14656967,,,,,,
,,,,8012361,,,,,,
,,,,14574404,,,,,,
SAPPK,GTF2F1,,GTF2F1,1734283,Dubious kinase,,,,,
,,,,18669648,,,,,,
,,,,14702039,,,,,,
,,,,19690332,,,,,,
,,,,12732728,,,,,,
,,,,21269460,,,,,,
,,,,12737519,,,,,,
,,,,23186163,,,,,,
,,,,15489334,,,,,,
,,,,22814378,,,,,,
,,,,1734284,,,,,,
,,,,17081983,,,,,,
,,,,12578358,,,,,,
,,,,20068231,,,,,,
,,,,10428810,,,,,,
,,,,22223895,,,,,,
,,,,16548883,,,,,,
,,,,24275569,,,,,,
,,,,19608861,,,,,,
,,,,12591941,,,,,,
,,,,12931194,,,,,,
,,,,11183778,,,,,,
,,,,8625415,,,,,,
,,,,16964243,,,,,,
,,,,21406692,,,,,,
,,,,7667268,,,,,,
,,,,11248041,,,,,,
,,,,8662660,,,,,,
,,,,19413330,,,,,,
SAPPK,RAD51,,RAD51B,,Dubious kinase,,,,,
SAPPK,TAF1,,"TAF1, TAF1L",20068231,Dubious kinase,,,,,
,,,,25412659,,,,,,
,,,,8625415,,,,,,
,,,,7680771,,,,,,
,,,,12093919,,,,,,
,,,,2038334,,,,,,
,,,,18669648,,,,,,
,,,,26637982,,,,,,
,,,,22464331,,,,,,
,,,,10827952,,,,,,
,,,,15053879,,,,,,
,,,,8647434,,,,,,
,,,,26365797,,,,,,
,,,,27007846,,,,,,
,,,,24275569,,,,,,
,,,,11592977,,,,,,
,,,,8649420,,,,,,
,,,,33795473,,,,,,
,,,,15870300,,,,,,
,,,,15960975,,,,,,
,,,,25644381,,,,,,
,,,,15772651,,,,,,
,,,,12928496,,,,,,
,,,,17273961,,,,,,
,,,,9858607,,,,,,
,,,,8450888,,,,,,
,,,,25593309,,,,,,
,,,,17952504,,,,,,
,,,,3169001,,,,,,
,,,,10759893,,,,,,
,,,,23184149,,,,,,
,,,,11278496,,,,,,
,,,,28112733,,,,,,
,,,,22711989,,,,,,
,,,,19690332,,,,,,
,,,,17344846,,,,,,
,,,,12842904,,,,,,
,,,,9660973,,,,,,
,,,,17344846,,,,,,
,,,,22464331,,,,,,
,,,,12217962,,,,,,
SAPPK,TIF1,,"TIF1a,TIF1b,TIF1d,TIF1g",,Dubious kinase,,,,,
STE,STE-Unique(1),,COT,16371247,,,,,,
,,,,15489334,,,,,,
,,,,2072910,,,,,,
,,,,8479752,,,,,,
,,,,17472361,,,,,,
,,,,15466476,,,,,,
,,,,15164054,,,,,,
,,,,1833717,,,,,,
,,,,24325551,,,,,,
,,,,12667451,,,,,,
,,,,24275569,,,,,,
,,,,19754427,,,,,,
,,,,9950430,,,,,,
,,,,15169888,,,,,,
,,,,12975377,,,,,,
,,,,11342626,,,,,,
,,,,22988300,,,,,,
,,,,14702039,,,,,,
,,,,19808894,,,,,,
,,,,8226782,,,,,,
,,,,10896655,,,,,,
,,,,18669648,,,,,,
,,,,23186163,,,,,,
,,,,19001140,,,,,,
,,,,15699325,,,,,,
STE,STE-Unique(2),,NIK,17237370,,,,,,
,,,,30341167,,,,,,
,,,,20682767,,,,,,
,,,,12874243,,,,,,
,,,,17344846,,,,,,
,,,,22718757,,,,,,
,,,,14702039,,,,,,
,,,,15489334,,,,,,
,,,,22921830,,,,,,
,,,,15173580,,,,,,
,,,,15951441,,,,,,
,,,,15084608,,,,,,
,,,,20501937,,,,,,
,,,,9020361,,,,,,
,,,,12853971,,,,,,
STE,STE11,ASK,"MAP3K5,MAP3K6,MAP3K7",17220297,,,,2.7.11.25,,mitogen-activated protein kinase kinase kinase
,,,,16038411,,,,,,
,,,,16407264,,,,,,
,,,,14574404,,,,,,
,,,,16129676,,,,,,
,,,,17210579,,,,,,
,,,,12556535,,,,,,
,,,,15701637,,,,,,
,,,,20358250,,,,,,
,,,,11090355,,,,,,
,,,,24448648,,,,,,
,,,,19389260,,,,,,
,,,,17344846,,,,,,
,,,,17389591,,,,,,
,,,,14688258,,,,,,
,,,,10411906,,,,,,
,,,,15094778,,,,,,
,,,,11689443,,,,,,
,,,,14749717,,,,,,
,,,,17937911,,,,,,
,,,,12697749,,,,,,
,,,,19590015,,,,,,
,,,,23186163,,,,,,
,,,,17456047,,,,,,
,,,,24275569,,,,,,
,,,,18088087,,,,,,
,,,,10849426,,,,,,
,,,,8940179,,,,,,
,,,,8974401,,,,,,
,,,,9564042,,,,,,
,,,,23102700,,,,,,
,,,,17724081,,,,,,
,,,,9743501,,,,,,
,,,,29186683,,,,,,
,,,,17883330,,,,,,
,,,,10688666,,,,,,
,,,,11029458,,,,,,
,,,,19749799,,,,,,
,,,,11920685,,,,,,
,,,,11298454,,,,,,
,,,,15023544,,,,,,
,,,,27825085,,,,,,
,,,,18408005,,,,,,
,,,,14702039,,,,,,
,,,,22095282,,,,,,
,,,,18948261,,,,,,
,,,,9774977,,,,,,
,,,,19369195,,,,,,
,,,,26095851,,,,,,
,,,,15310755,,,,,,
,,,,18669648,,,,,,
,,,,15489334,,,,,,
,,,,12813029,,,,,,
,,,,11154276,,,,,,
,,,,11427728,,,,,,
,,,,16959974,,,,,,
,,,,18669648,,,,,,
,,,,18691976,,,,,,
,,,,9875215,,,,,,
,,,,19369195,,,,,,
,,,,15489334,,,,,,
,,,,16710414,,,,,,
,,,,17344846,,,,,,
,,,,23186163,,,,,,
,,,,17210579,,,,,,
,,,,14702039,,,,,,
,,,,17344846,,,,,,
,,,,23186163,,,,,,
,,,,20362554,,,,,,
,,,,26732173,,,,,,
,,,,15772651,,,,,,
,,,,19369195,,,,,,
STE,STE11,MEKK1,MAP3K1,18669648,,,,2.7.11.25,,mitogen-activated protein kinase kinase kinase
,,,,19369195,,,,,,
,,,,15372022,,,,,,
,,,,15262978,,,,,,
,,,,19413330,,,,,,
,,,,17761173,,,,,,
,,,,9808624,,,,,,
,,,,12049732,,,,,,
,,,,17906693,,,,,,
,,,,18220336,,,,,,
,,,,17101801,,,,,,
,,,,18691976,,,,,,
,,,,23186163,,,,,,
,,,,8597633,,,,,,
,,,,17344846,,,,,,
,,,,21129722,,,,,,
,,,,12223491,,,,,,
STE,STE11,MEKK15,MEKK15,17344846,,,,2.7.11.25,,mitogen-activated protein kinase kinase kinase
,,,,14702039,,,,,,
,,,,15489334,,,,,,
,,,,15815621,,,,,,
STE,STE11,MEKK2,"MAP3K2,MAP3K3",24275569,,,,2.7.11.25,,mitogen-activated protein kinase kinase kinase
,,,,18761086,,,,,,
,,,,21406692,,,,,,
,,,,15489334,,,,,,
,,,,18669648,,,,,,
,,,,23186163,,,,,,
,,,,18088087,,,,,,
,,,,14702039,,,,,,
,,,,15075238,,,,,,
,,,,17906693,,,,,,
,,,,16001074,,,,,,
,,,,17081983,,,,,,
,,,,15815621,,,,,,
,,,,10713157,,,,,,
,,,,18220336,,,,,,
,,,,18691976,,,,,,
,,,,19690332,,,,,,
,,,,20068231,,,,,,
,,,,19369195,,,,,,
,,,,17344846,,,,,,
,,,,12912994,,,,,,
,,,,15489334,,,,,,
,,,,19690332,,,,,,
,,,,17974005,,,,,,
,,,,19369195,,,,,,
,,,,17344846,,,,,,
,,,,14661019,,,,,,
,,,,9006902,,,,,,
,,,,16625196,,,,,,
,,,,14702039,,,,,,
,,,,14743216,,,,,,
,,,,12761204,,,,,,
,,,,23186163,,,,,,
,,,,18691976,,,,,,
STE,STE11,MEKK4,MAP3K4,12052864,,,,2.7.11.25,,mitogen-activated protein kinase kinase kinase
,,,,21406692,,,,,,
,,,,20221403,,,,,,
,,,,23186163,,,,,,
,,,,19413330,,,,,,
,,,,17344846,,,,,,
,,,,21269460,,,,,,
,,,,9305639,,,,,,
,,,,15262978,,,,,,
,,,,14574404,,,,,,
,,,,19369195,,,,,,
,,,,15489334,,,,,,
,,,,19690332,,,,,,
,,,,9039502,,,,,,
,,,,16157600,,,,,,
STE,STE20,KHS,"KHS1-2, GCK, HPK1",18669648,,,,,,
,,,,7477268,,,,,,
,,,,11784851,,,,,,
,,,,19369195,,,,,,
,,,,23186163,,,,,,
,,,,16554811,,,,,,
,,,,9712898,,,,,,
,,,,15489334,,,,,,
,,,,15456887,,,,,,
,,,,24275569,,,,,,
,,,,17584736,,,,,,
,,,,19690332,,,,,,
,,,,11316611,,,,,,
,,,,10026130,,,,,,
,,,,7515885,,,,,,
STE,STE20,NinaC,"Myo3A,Myo3B",,,,,,,
STE,STE20,STLK,"STRADA,STRADB",,Pseudokinase,,,,,
STE,STE20,YSK,"MST3,MST4, YSK1",19782762,,,,,,
,,,,20068231,,,,,,
,,,,18782753,,,,,,
,,,,19855390,,,,,,
,,,,19369195,,,,,,
,,,,15304321,,,,,,
,,,,20124694,,,,,,
,,,,12107159,,,,,,
,,,,17081983,,,,,,
,,,,15489334,,,,,,
,,,,18691976,,,,,,
,,,,9353338,,,,,,
,,,,21269460,,,,,,
,,,,19604147,,,,,,
,,,,16314523,,,,,,
,,,,15917084,,,,,,
,,,,21406692,,,,,,
,,,,15057823,,,,,,
,,,,27807006,,,,,,
,,,,17046825,,,,,,
,,,,17344846,,,,,,
,,,,23186163,,,,,,
,,,,10644707,,,,,,
,,,,25944712,,,,,,
,,,,19690332,,,,,,
,,,,20068231,,,,,,
,,,,21269460,,,,,,
,,,,19370760,,,,,,
,,,,19369195,,,,,,
,,,,11641781,,,,,,
,,,,21406692,,,,,,
,,,,24275569,,,,,,
,,,,20730082,,,,,,
,,,,17360971,,,,,,
,,,,18669648,,,,,,
,,,,11306563,,,,,,
,,,,29232556,,,,,,
,,,,20332113,,,,,,
,,,,14702039,,,,,,
,,,,15772651,,,,,,
,,,,18782753,,,,,,
,,,,18691976,,,,,,
,,,,17344846,,,,,,
,,,,15037601,,,,,,
,,,,11741893,,,,,,
,,,,23186163,,,,,,
,,,,15489334,,,,,,
,,,,27807006,,,,,,
,,,,9160885,,,,,,
,,,,8887545,,,,,,
,,,,15815621,,,,,,
,,,,14702039,,,,,,
,,,,21269460,,,,,,
,,,,18782753,,,,,,
,,,,15037601,,,,,,
,,,,15489334,,,,,,
STE,STE7,MEK1,"MAP2K1,MAP2K2",26195727,,,,2.7.12.2,,mitogen-activated protein kinase kinase
,,,,16728640,,,,,,
,,,,9563949,,,,,,
,,,,14737111,,,,,,
,,,,29433126,,,,,,
,,,,29643386,,,,,,
,,,,10409742,,,,,,
,,,,32721402,,,,,,
,,,,19369195,,,,,,
,,,,19161339,,,,,,
,,,,16129686,,,,,,
,,,,19447520,,,,,,
,,,,20679487,,,,,,
,,,,21779493,,,,,,
,,,,15520807,,,,,,
,,,,8388392,,,,,,
,,,,21316218,,,,,,
,,,,19706763,,,,,,
,,,,11104681,,,,,,
,,,,17101779,,,,,,
,,,,21310613,,,,,,
,,,,18951019,,,,,,
,,,,18042262,,,,,,
,,,,20621728,,,,,,
,,,,19565474,,,,,,
,,,,17880056,,,,,,
,,,,1281467,,,,,,
,,,,20956560,,,,,,
,,,,21269460,,,,,,
,,,,24275569,,,,,,
,,,,8131746,,,,,,
,,,,16439621,,,,,,
,,,,18691976,,,,,,
,,,,15543157,,,,,,
,,,,19019675,,,,,,
,,,,9779990,,,,,,
,,,,18329369,,,,,,
,,,,23186163,,,,,,
,,,,18669648,,,,,,
,,,,8388392,,,,,,
,,,,19369195,,,,,,
,,,,20068231,,,,,,
,,,,19447520,,,,,,
,,,,21269460,,,,,,
,,,,17116858,,,,,,
,,,,18042262,,,,,,
,,,,9563949,,,,,,
,,,,22538822,,,,,,
,,,,16439621,,,,,,
,,,,10409742,,,,,,
,,,,29433126,,,,,,
,,,,18691976,,,,,,
,,,,17081983,,,,,,
,,,,15489334,,,,,,
,,,,19413330,,,,,,
,,,,24275569,,,,,,
,,,,11104681,,,,,,
,,,,20358587,,,,,,
,,,,18088087,,,,,,
,,,,21406692,,,,,,
,,,,19690332,,,,,,
STE,STE7,MEK3,"MAP2K3,MAP2K6",14702039,,,,2.7.12.2,,mitogen-activated protein kinase kinase
,,,,7839144,,,,,,
,,,,11980910,,,,,,
,,,,16709866,,,,,,
,,,,19413330,,,,,,
,,,,17344846,,,,,,
,,,,21224381,,,,,,
,,,,8622669,,,,,,
,,,,16728640,,,,,,
,,,,11279118,,,,,,
,,,,20068231,,,,,,
,,,,15489334,,,,,,
,,,,21269460,,,,,,
,,,,8900184,,,,,,
,,,,22814378,,,,,,
,,,,11414763,,,,,,
,,,,18669648,,,,,,
,,,,11689443,,,,,,
,,,,11279118,,,,,,
,,,,22802624,,,,,,
,,,,16728640,,,,,,
,,,,15375157,,,,,,
,,,,8621675,,,,,,
,,,,15489334,,,,,,
,,,,20869211,,,,,,
,,,,23186163,,,,,,
,,,,19141286,,,,,,
,,,,10497253,,,,,,
,,,,8626699,,,,,,
,,,,9779990,,,,,,
,,,,8622669,,,,,,
,,,,8663074,,,,,,
,,,,9841871,,,,,,
,,,,9218798,,,,,,
,,,,9768359,,,,,,
,,,,11460167,,,,,,
,,,,11727828,,,,,,
,,,,8861944,,,,,,
,,,,20364819,,,,,,
,,,,15229216,,,,,,
,,,,15550393,,,,,,
,,,,15866172,,,,,,
,,,,11104681,,,,,,
,,,,21269460,,,,,,
,,,,10347227,,,,,,
,,,,10094049,,,,,,
,,,,10961885,,,,,,
STE,STE7,MEK4,MAP2K4,18669648,,,,2.7.12.2,,mitogen-activated protein kinase kinase
,,,,12788955,,,,,,
,,,,14702039,,,,,,
,,,,17344846,,,,,,
,,,,16625196,,,,,,
,,,,20068231,,,,,,
,,,,17496909,,,,,,
,,,,15489334,,,,,,
,,,,24275569,,,,,,
,,,,15866172,,,,,,
,,,,20801953,,,,,,
,,,,7716521,,,,,,
,,,,19782076,,,,,,
,,,,21269460,,,,,,
,,,,19369195,,,,,,
,,,,20732303,,,,,,
,,,,11090355,,,,,,
,,,,19413330,,,,,,
,,,,7839144,,,,,,
,,,,24129315,,,,,,
,,,,9003778,,,,,,
,,,,11104681,,,,,,
,,,,21333379,,,,,,
,,,,9622070,,,,,,
,,,,12189133,,,,,,
STE,STE7,MEK5,MAP2K5,7759517,,,,2.7.12.2,,mitogen-activated protein kinase kinase
,,,,18691976,,,,,,
,,,,14702039,,,,,,
,,,,9384584,,,,,,
,,,,17344846,,,,,,
,,,,15489334,,,,,,
,,,,16728640,,,,,,
,,,,19369195,,,,,,
,,,,16572171,,,,,,
STE,STE7,MEK7,MAP2K7,21278800,,,,2.7.12.2,,mitogen-activated protein kinase kinase
,,,,12189133,,,,,,
,,,,17344846,,,,,,
,,,,28111074,,,,,,
,,,,22814378,,,,,,
,,,,19413330,,,,,,
,,,,17496909,,,,,,
,,,,15489334,,,,,,
,,,,9535930,,,,,,
,,,,10490659,,,,,,
,,,,14702039,,,,,,
,,,,9312068,,,,,,
,,,,9207092,,,,,,
,,,,20801953,,,,,,
,,,,9372971,,,,,,
,,,,23186163,,,,,,
,,,,18286207,,,,,,
,,,,15866172,,,,,,
,,,,21333379,,,,,,
,,,,11104681,,,,,,
,,,,16442502,,,,,,